date,call_rate,cp_rate_3m,cd_rate_3m,tbill_91d
2019-01-01,6.05,6.73,6.63,6.07
2019-01-02,5.98,6.71,6.74,6.01
2019-01-03,5.95,6.83,6.49,5.91
2019-01-04,6.02,6.46,6.34,5.91
2019-01-05,5.9,6.8,6.44,5.84
2019-01-06,6.15,6.72,6.56,5.84
2019-01-07,5.95,6.77,6.41,5.98
2019-01-08,5.94,6.71,6.48,6.1
2019-01-09,6.0,6.59,6.65,5.85
2019-01-10,6.02,6.46,6.39,5.97
2019-01-11,6.07,6.78,6.54,5.93
2019-01-12,5.85,6.64,6.49,6.03
2019-01-13,6.03,6.49,6.59,5.92
2019-01-14,5.93,6.84,6.67,6.02
2019-01-15,5.92,6.7,6.59,6.03
2019-01-16,5.95,6.72,6.42,5.85
2019-01-17,6.08,6.95,6.54,6.03
2019-01-18,6.04,6.65,6.59,6.07
2019-01-19,6.0,6.98,6.24,6.02
2019-01-20,6.01,6.71,6.56,5.79
2019-01-21,5.98,6.8,6.73,5.91
2019-01-22,5.92,6.67,6.66,5.98
2019-01-23,5.95,6.83,6.56,6.03
2019-01-24,5.93,6.7,6.5,5.83
2019-01-25,6.03,6.79,6.55,5.93
2019-01-26,5.86,6.69,6.51,5.89
2019-01-27,5.98,6.81,6.78,5.96
2019-01-28,6.03,6.74,6.32,5.95
2019-01-29,6.01,7.12,6.53,5.97
2019-01-30,6.0,6.57,6.69,6.01
2019-01-31,6.08,6.61,6.72,5.84
2019-02-01,6.06,7.08,6.43,5.9
2019-02-02,6.01,6.67,6.36,5.96
2019-02-03,5.89,6.82,6.44,6.07
2019-02-04,5.92,6.7,6.65,5.85
2019-02-05,6.02,6.95,6.36,5.96
2019-02-06,6.03,6.87,6.4,5.84
2019-02-07,6.05,6.79,6.58,5.98
2019-02-08,5.93,6.78,6.59,5.89
2019-02-09,6.19,6.82,6.41,6.0
2019-02-10,5.9,6.87,6.69,5.88
2019-02-11,6.1,6.81,6.65,6.1
2019-02-12,5.98,6.64,6.44,5.88
2019-02-13,5.99,6.8,6.58,6.02
2019-02-14,6.0,6.97,6.52,6.17
2019-02-15,6.06,6.62,6.42,5.99
2019-02-16,5.98,6.86,6.61,5.94
2019-02-17,5.92,6.52,6.5,6.02
2019-02-18,6.02,6.56,6.57,5.98
2019-02-19,5.91,6.77,6.56,5.86
2019-02-20,6.04,6.83,6.68,6.03
2019-02-21,5.86,6.61,6.61,5.99
2019-02-22,6.05,7.33,6.62,6.04
2019-02-23,6.1,6.85,6.51,6.01
2019-02-24,5.92,6.71,6.49,5.96
2019-02-25,6.23,6.47,6.63,5.82
2019-02-26,5.95,6.91,6.56,5.86
2019-02-27,5.93,6.85,6.46,5.97
2019-02-28,6.0,6.65,6.81,6.0
2019-03-01,5.8,6.78,6.47,6.02
2019-03-02,5.92,6.73,6.61,6.02
2019-03-03,5.88,6.7,6.49,5.9
2019-03-04,6.18,6.81,6.4,6.02
2019-03-05,6.21,6.9,6.37,5.91
2019-03-06,6.13,6.64,6.6,6.01
2019-03-07,5.91,6.74,6.16,5.87
2019-03-08,5.97,6.56,6.75,5.84
2019-03-09,5.96,6.77,6.72,5.84
2019-03-10,6.12,6.75,6.43,5.99
2019-03-11,6.02,6.66,6.56,5.92
2019-03-12,6.01,6.85,6.74,5.85
2019-03-13,6.21,6.46,6.53,6.0
2019-03-14,6.03,6.66,6.53,5.91
2019-03-15,5.94,6.88,6.59,5.89
2019-03-16,6.09,6.8,6.65,6.0
2019-03-17,5.92,6.67,6.64,6.0
2019-03-18,6.0,6.77,6.7,5.9
2019-03-19,6.05,6.72,6.52,6.04
2019-03-20,6.08,6.87,6.71,5.95
2019-03-21,6.07,6.7,6.59,5.94
2019-03-22,6.01,6.84,6.45,6.12
2019-03-23,5.9,6.57,6.69,6.01
2019-03-24,6.06,6.84,6.55,5.88
2019-03-25,6.01,6.65,6.67,5.94
2019-03-26,5.92,6.7,6.6,5.9
2019-03-27,5.92,6.79,6.58,5.91
2019-03-28,5.95,6.78,6.38,5.84
2019-03-29,5.93,6.72,6.59,6.07
2019-03-30,6.09,6.73,6.55,5.87
2019-03-31,6.0,6.71,6.59,5.88
2019-04-01,6.05,6.98,6.54,5.98
2019-04-02,6.07,6.69,6.58,5.95
2019-04-03,6.01,6.63,6.55,5.99
2019-04-04,6.15,6.89,6.81,5.89
2019-04-05,6.09,6.78,6.81,5.89
2019-04-06,5.92,6.66,6.3,5.91
2019-04-07,5.92,6.77,6.59,6.1
2019-04-08,6.1,6.66,6.44,5.99
2019-04-09,5.87,7.02,6.69,5.91
2019-04-10,5.83,6.95,6.54,6.05
2019-04-11,5.84,6.66,6.55,5.95
2019-04-12,5.95,6.84,6.42,5.94
2019-04-13,6.01,6.83,6.64,5.86
2019-04-14,5.85,6.94,6.59,5.89
2019-04-15,6.16,6.77,6.69,5.96
2019-04-16,6.21,7.01,6.52,6.03
2019-04-17,6.06,6.96,6.43,6.0
2019-04-18,6.11,6.49,6.41,5.79
2019-04-19,5.97,6.86,6.73,5.96
2019-04-20,6.16,6.54,6.35,5.95
2019-04-21,6.04,6.75,6.3,5.94
2019-04-22,5.87,6.85,6.59,5.87
2019-04-23,5.95,6.59,6.54,6.03
2019-04-24,5.9,6.83,6.49,5.89
2019-04-25,5.99,6.59,6.48,5.85
2019-04-26,6.2,6.76,6.47,5.97
2019-04-27,5.99,6.72,6.62,6.01
2019-04-28,5.95,6.66,6.52,5.77
2019-04-29,5.85,6.96,6.75,5.93
2019-04-30,6.06,6.8,6.92,6.04
2019-05-01,5.99,6.61,6.36,5.97
2019-05-02,5.92,6.54,6.47,5.86
2019-05-03,6.17,6.88,6.55,6.07
2019-05-04,6.01,6.62,6.73,5.99
2019-05-05,5.9,6.72,6.44,5.84
2019-05-06,6.09,7.04,6.38,6.0
2019-05-07,5.93,6.68,6.48,5.88
2019-05-08,6.0,6.63,6.58,5.95
2019-05-09,5.98,6.61,6.48,6.01
2019-05-10,6.05,6.6,6.56,6.01
2019-05-11,5.83,6.83,6.47,6.0
2019-05-12,5.92,6.48,6.35,5.95
2019-05-13,6.03,6.61,6.63,5.82
2019-05-14,5.99,6.57,6.47,5.95
2019-05-15,5.91,6.69,6.67,5.9
2019-05-16,6.08,6.58,6.61,6.07
2019-05-17,5.75,6.63,6.62,5.93
2019-05-18,6.04,6.66,6.56,5.94
2019-05-19,6.12,6.79,6.59,5.92
2019-05-20,5.95,6.69,6.6,5.92
2019-05-21,6.03,7.06,6.65,5.92
2019-05-22,6.12,6.69,6.31,5.87
2019-05-23,5.81,6.7,6.55,6.08
2019-05-24,6.03,6.72,6.65,5.77
2019-05-25,6.02,6.87,6.37,6.04
2019-05-26,6.03,6.69,6.63,6.13
2019-05-27,6.02,6.79,6.49,5.88
2019-05-28,6.08,6.62,6.56,5.91
2019-05-29,6.05,6.8,6.67,5.91
2019-05-30,5.97,6.6,6.5,5.98
2019-05-31,6.08,6.61,6.65,6.06
2019-06-01,6.04,7.03,6.46,5.85
2019-06-02,5.82,6.97,6.63,5.95
2019-06-03,6.03,6.58,6.84,5.96
2019-06-04,6.01,6.86,6.61,5.97
2019-06-05,5.92,6.82,6.78,6.06
2019-06-06,6.16,6.67,6.43,5.94
2019-06-07,6.01,6.91,6.35,6.07
2019-06-08,5.98,6.69,6.43,5.82
2019-06-09,6.08,6.76,6.4,5.85
2019-06-10,5.97,7.0,6.52,5.83
2019-06-11,5.98,6.71,6.23,5.95
2019-06-12,5.98,6.85,6.77,6.04
2019-06-13,5.97,6.58,6.86,5.95
2019-06-14,6.0,6.75,6.57,5.94
2019-06-15,5.94,6.67,6.55,5.91
2019-06-16,5.93,6.77,6.52,6.07
2019-06-17,5.73,6.91,6.7,5.78
2019-06-18,5.97,6.69,6.38,5.89
2019-06-19,5.89,7.01,6.66,6.05
2019-06-20,6.07,6.58,6.49,5.99
2019-06-21,5.88,6.86,6.52,5.92
2019-06-22,6.07,6.82,6.51,6.04
2019-06-23,5.89,6.84,6.62,5.93
2019-06-24,6.03,6.56,6.66,5.94
2019-06-25,5.95,6.91,6.47,5.84
2019-06-26,5.84,6.84,6.4,6.09
2019-06-27,5.79,7.0,6.58,5.94
2019-06-28,5.95,6.81,6.55,6.04
2019-06-29,6.01,6.77,6.51,5.95
2019-06-30,6.03,6.49,6.39,6.01
2019-07-01,6.02,6.72,6.55,5.98
2019-07-02,5.95,6.63,6.57,5.87
2019-07-03,6.04,6.49,6.67,5.99
2019-07-04,6.03,6.9,6.75,6.03
2019-07-05,5.82,6.56,6.48,5.95
2019-07-06,6.05,6.64,6.57,5.89
2019-07-07,5.94,6.54,6.44,5.84
2019-07-08,5.9,6.91,6.44,6.16
2019-07-09,6.05,6.78,6.45,6.01
2019-07-10,5.94,6.77,6.86,5.94
2019-07-11,6.11,6.64,6.55,6.09
2019-07-12,5.94,7.02,6.63,5.91
2019-07-13,6.06,6.9,6.62,5.82
2019-07-14,5.93,6.71,6.54,6.0
2019-07-15,6.02,6.55,6.6,6.0
2019-07-16,6.06,6.91,6.65,5.99
2019-07-17,5.99,6.5,6.6,5.97
2019-07-18,6.03,6.56,6.42,6.03
2019-07-19,6.0,6.85,6.55,5.95
2019-07-20,6.09,6.67,6.56,5.91
2019-07-21,5.96,6.7,6.58,5.91
2019-07-22,6.13,6.62,6.53,5.91
2019-07-23,6.14,6.78,6.67,5.83
2019-07-24,6.03,6.88,6.56,6.04
2019-07-25,5.95,6.96,6.83,5.92
2019-07-26,5.96,6.97,6.74,5.91
2019-07-27,5.96,6.71,6.39,5.88
2019-07-28,5.9,6.63,6.55,5.97
2019-07-29,6.16,6.6,6.67,5.93
2019-07-30,6.0,6.85,6.42,5.98
2019-07-31,6.02,6.82,6.58,6.15
2019-08-01,5.94,6.67,6.48,5.91
2019-08-02,5.94,6.93,6.72,5.9
2019-08-03,5.92,6.82,6.48,6.0
2019-08-04,6.02,6.52,6.74,6.09
2019-08-05,5.94,6.69,6.58,5.98
2019-08-06,6.07,7.05,6.53,5.89
2019-08-07,5.86,6.64,6.55,6.09
2019-08-08,5.95,6.78,6.55,6.05
2019-08-09,6.25,6.67,6.49,6.03
2019-08-10,6.07,7.03,6.62,5.92
2019-08-11,6.06,6.92,6.65,5.99
2019-08-12,6.11,6.93,6.72,6.0
2019-08-13,5.98,6.77,6.69,5.88
2019-08-14,6.04,6.69,6.55,6.05
2019-08-15,6.02,6.76,6.39,6.01
2019-08-16,6.06,7.07,6.51,5.97
2019-08-17,6.02,6.99,6.54,5.97
2019-08-18,6.06,6.78,6.5,5.97
2019-08-19,6.11,6.6,6.57,5.89
2019-08-20,6.12,6.52,6.48,5.98
2019-08-21,6.16,6.74,6.48,6.1
2019-08-22,5.86,6.42,6.6,5.91
2019-08-23,5.9,6.86,6.58,5.9
2019-08-24,5.87,6.88,6.63,5.94
2019-08-25,6.18,6.59,6.37,5.89
2019-08-26,6.0,6.79,6.52,5.98
2019-08-27,5.87,6.97,6.54,6.04
2019-08-28,6.03,6.82,6.62,5.99
2019-08-29,6.06,6.95,6.57,6.01
2019-08-30,5.99,6.97,6.47,6.09
2019-08-31,6.0,6.54,6.57,5.9
2019-09-01,6.08,6.65,6.5,5.8
2019-09-02,5.95,6.39,6.36,6.01
2019-09-03,6.08,6.81,6.43,5.95
2019-09-04,6.0,6.58,6.73,6.02
2019-09-05,5.98,6.75,6.58,5.79
2019-09-06,5.98,6.65,6.43,5.93
2019-09-07,6.18,6.85,6.48,6.0
2019-09-08,6.14,6.89,6.56,5.9
2019-09-09,6.07,6.81,6.66,6.0
2019-09-10,6.1,6.67,6.71,5.97
2019-09-11,6.21,6.65,6.76,5.97
2019-09-12,5.93,6.68,6.51,5.98
2019-09-13,6.05,6.66,6.55,6.12
2019-09-14,6.17,6.82,6.55,5.96
2019-09-15,6.06,6.6,6.52,5.82
2019-09-16,6.04,6.85,6.49,6.08
2019-09-17,5.88,6.53,6.58,6.03
2019-09-18,6.17,6.68,6.68,5.95
2019-09-19,5.98,6.88,6.63,5.82
2019-09-20,6.15,6.96,6.47,5.98
2019-09-21,6.05,6.79,6.48,5.9
2019-09-22,6.0,6.93,6.62,5.92
2019-09-23,6.08,6.32,6.69,5.81
2019-09-24,5.96,6.58,6.39,6.04
2019-09-25,5.95,6.8,6.54,5.99
2019-09-26,6.01,6.56,6.67,5.91
2019-09-27,5.84,6.69,6.73,6.02
2019-09-28,5.97,6.7,6.51,6.12
2019-09-29,6.04,6.81,6.67,5.97
2019-09-30,5.97,6.72,6.54,5.95
2019-10-01,6.07,6.76,6.64,5.94
2019-10-02,6.01,6.45,6.66,5.98
2019-10-03,6.1,6.32,6.8,5.94
2019-10-04,6.11,6.59,6.62,5.87
2019-10-05,5.94,7.04,6.53,5.97
2019-10-06,6.09,6.82,6.57,5.98
2019-10-07,6.24,6.74,6.57,6.03
2019-10-08,6.11,6.93,6.63,5.86
2019-10-09,6.16,6.58,6.59,5.89
2019-10-10,5.99,6.8,6.59,5.98
2019-10-11,6.16,6.82,6.52,6.03
2019-10-12,6.12,6.57,6.62,6.01
2019-10-13,5.97,6.96,6.53,5.96
2019-10-14,5.98,6.75,6.42,5.83
2019-10-15,6.16,6.62,6.43,5.78
2019-10-16,5.94,6.55,6.75,6.03
2019-10-17,5.93,7.09,6.67,5.92
2019-10-18,5.75,7.09,6.38,5.82
2019-10-19,6.1,7.12,6.72,6.0
2019-10-20,6.06,6.88,6.64,5.97
2019-10-21,6.01,6.74,6.46,5.93
2019-10-22,5.83,6.74,6.43,5.86
2019-10-23,6.02,6.96,6.66,5.82
2019-10-24,5.9,6.89,6.43,5.93
2019-10-25,6.06,6.6,6.56,5.84
2019-10-26,5.94,6.8,6.36,5.99
2019-10-27,6.0,6.83,6.58,6.06
2019-10-28,6.01,6.69,6.56,5.99
2019-10-29,6.0,6.76,6.47,5.9
2019-10-30,5.86,7.01,6.4,5.89
2019-10-31,5.93,6.88,6.51,6.05
2019-11-01,5.93,6.79,6.45,6.12
2019-11-02,5.88,6.8,6.63,5.98
2019-11-03,5.98,6.73,6.56,5.94
2019-11-04,6.1,7.08,6.48,5.84
2019-11-05,5.99,7.14,6.45,6.08
2019-11-06,6.17,6.67,6.62,6.08
2019-11-07,5.96,6.72,6.48,5.87
2019-11-08,5.94,6.57,6.55,5.89
2019-11-09,6.02,6.52,6.59,6.02
2019-11-10,5.8,6.81,6.7,5.85
2019-11-11,6.17,6.81,6.47,5.95
2019-11-12,6.06,6.76,6.61,5.88
2019-11-13,6.02,6.54,6.54,5.88
2019-11-14,5.93,6.94,6.68,6.0
2019-11-15,5.89,6.7,6.7,5.96
2019-11-16,6.23,6.81,6.57,5.93
2019-11-17,6.01,6.73,6.63,6.03
2019-11-18,5.92,6.55,6.33,5.99
2019-11-19,5.89,6.43,6.6,6.15
2019-11-20,6.0,6.88,6.56,5.94
2019-11-21,6.09,6.71,6.58,5.98
2019-11-22,5.93,6.9,6.53,5.89
2019-11-23,6.05,6.62,6.55,5.95
2019-11-24,6.11,6.82,6.55,6.02
2019-11-25,6.14,6.83,6.55,5.85
2019-11-26,5.89,6.7,6.48,5.94
2019-11-27,6.01,6.83,6.54,5.99
2019-11-28,6.01,6.45,6.44,5.94
2019-11-29,5.88,6.84,6.73,6.05
2019-11-30,5.98,6.97,6.57,5.92
2019-12-01,5.94,6.7,6.5,5.96
2019-12-02,6.02,6.75,6.6,6.05
2019-12-03,6.09,6.53,6.24,6.02
2019-12-04,5.86,6.72,6.41,5.81
2019-12-05,6.05,6.86,6.48,5.74
2019-12-06,5.95,6.81,6.37,5.96
2019-12-07,6.0,6.84,6.56,5.87
2019-12-08,6.12,6.73,6.55,5.88
2019-12-09,5.96,6.62,6.53,6.09
2019-12-10,5.86,6.51,6.73,5.93
2019-12-11,5.93,6.91,6.48,6.1
2019-12-12,6.07,6.68,6.81,5.9
2019-12-13,6.07,6.79,6.71,6.07
2019-12-14,6.0,6.64,6.61,5.9
2019-12-15,6.2,6.77,6.51,5.96
2019-12-16,5.87,6.6,6.69,5.9
2019-12-17,5.9,6.83,6.69,6.01
2019-12-18,6.1,6.64,6.38,6.07
2019-12-19,5.97,6.71,6.71,5.99
2019-12-20,6.05,7.07,6.47,6.02
2019-12-21,6.01,6.79,6.73,5.99
2019-12-22,6.05,6.91,6.51,5.88
2019-12-23,5.9,6.46,6.8,5.86
2019-12-24,5.98,6.71,6.59,6.02
2019-12-25,6.09,6.66,6.53,5.97
2019-12-26,5.98,6.99,6.61,6.01
2019-12-27,6.07,6.93,6.57,5.85
2019-12-28,6.04,6.65,6.49,6.0
2019-12-29,6.12,6.75,6.59,6.09
2019-12-30,6.02,7.14,6.62,5.81
2019-12-31,6.08,6.81,6.7,6.0
2020-01-01,5.99,6.57,6.52,5.88
2020-01-02,5.94,6.84,6.75,5.98
2020-01-03,5.88,6.82,6.69,5.9
2020-01-04,5.99,6.75,6.46,6.0
2020-01-05,5.99,6.81,6.44,5.92
2020-01-06,6.07,6.69,6.76,5.92
2020-01-07,6.02,6.89,6.38,5.81
2020-01-08,5.85,6.94,6.48,6.15
2020-01-09,5.94,6.78,6.74,6.11
2020-01-10,6.21,6.93,6.67,6.0
2020-01-11,6.08,6.67,6.45,5.95
2020-01-12,5.98,6.68,6.63,6.03
2020-01-13,6.01,6.97,6.41,5.93
2020-01-14,5.93,6.47,6.54,5.94
2020-01-15,6.15,6.84,6.43,6.1
2020-01-16,6.12,6.84,6.52,5.87
2020-01-17,5.96,6.91,6.78,6.07
2020-01-18,5.95,6.58,6.57,5.81
2020-01-19,6.03,6.73,6.49,5.82
2020-01-20,6.05,6.67,6.41,5.72
2020-01-21,6.0,7.02,6.75,5.91
2020-01-22,5.94,6.82,6.43,5.97
2020-01-23,6.08,6.93,6.54,5.93
2020-01-24,5.91,6.63,6.52,5.98
2020-01-25,6.09,6.63,6.73,5.93
2020-01-26,6.0,6.64,6.26,6.02
2020-01-27,6.07,6.71,6.56,5.99
2020-01-28,5.84,6.67,6.65,5.85
2020-01-29,6.03,6.55,6.61,5.95
2020-01-30,5.84,6.92,6.46,5.89
2020-01-31,6.02,6.92,6.43,5.95
2020-02-01,6.04,6.85,6.57,5.92
2020-02-02,5.92,6.76,6.42,5.72
2020-02-03,6.04,6.89,6.27,5.87
2020-02-04,6.06,7.06,6.55,5.89
2020-02-05,5.98,6.96,6.47,5.89
2020-02-06,5.95,6.61,6.56,6.08
2020-02-07,6.03,6.71,6.51,5.82
2020-02-08,6.09,6.74,6.53,6.21
2020-02-09,6.03,6.64,6.5,6.04
2020-02-10,6.01,6.53,6.66,5.9
2020-02-11,6.19,6.91,6.5,6.05
2020-02-12,6.01,6.88,6.61,5.88
2020-02-13,5.94,6.9,6.51,5.92
2020-02-14,5.9,6.81,6.8,5.86
2020-02-15,6.0,6.96,6.54,5.99
2020-02-16,5.89,6.81,6.53,6.03
2020-02-17,6.12,7.14,6.62,5.98
2020-02-18,6.02,6.7,6.59,5.93
2020-02-19,6.02,6.95,6.43,6.04
2020-02-20,6.13,6.73,6.3,5.9
2020-02-21,6.13,6.75,6.43,5.91
2020-02-22,6.08,6.83,6.52,5.92
2020-02-23,5.96,6.61,6.74,5.92
2020-02-24,6.12,6.98,6.67,5.92
2020-02-25,6.04,6.75,6.44,5.98
2020-02-26,5.88,6.93,6.49,5.97
2020-02-27,6.03,6.71,6.62,5.91
2020-02-28,6.09,6.55,6.57,6.11
2020-02-29,5.9,6.65,6.61,5.96
2020-03-01,6.04,6.82,6.63,6.04
2020-03-02,6.04,6.71,6.63,6.1
2020-03-03,5.99,6.6,6.68,5.94
2020-03-04,5.78,6.88,6.49,5.94
2020-03-05,6.03,6.78,6.64,5.92
2020-03-06,6.05,6.71,6.64,6.0
2020-03-07,5.91,6.91,6.49,6.01
2020-03-08,6.04,7.03,6.52,5.92
2020-03-09,6.0,6.7,6.65,5.82
2020-03-10,5.89,6.59,6.66,6.09
2020-03-11,5.99,6.72,6.56,6.04
2020-03-12,5.91,6.79,6.67,5.99
2020-03-13,6.02,6.9,6.23,6.0
2020-03-14,5.93,6.48,6.61,6.06
2020-03-15,5.99,6.89,6.74,6.06
2020-03-16,6.16,6.86,6.56,5.82
2020-03-17,5.98,6.62,6.81,5.94
2020-03-18,6.01,6.83,6.56,6.09
2020-03-19,5.94,6.78,6.46,5.84
2020-03-20,5.94,6.74,6.5,5.89
2020-03-21,5.86,6.74,6.37,6.01
2020-03-22,6.01,6.53,6.51,5.89
2020-03-23,6.03,6.95,6.32,5.96
2020-03-24,5.98,6.85,6.58,5.89
2020-03-25,5.97,6.63,6.68,5.95
2020-03-26,6.19,6.74,6.46,5.83
2020-03-27,5.82,6.51,6.58,5.99
2020-03-28,5.84,6.88,6.49,5.96
2020-03-29,6.16,6.88,6.52,5.88
2020-03-30,5.78,6.64,6.52,5.87
2020-03-31,5.99,6.76,6.52,5.9
2020-04-01,6.02,6.82,6.42,6.06
2020-04-02,5.99,6.75,6.63,5.97
2020-04-03,6.1,6.79,6.48,5.98
2020-04-04,5.89,6.77,6.55,5.93
2020-04-05,5.99,6.47,6.48,5.96
2020-04-06,6.02,6.6,6.7,5.88
2020-04-07,6.1,6.81,6.47,6.09
2020-04-08,5.88,6.89,6.67,5.9
2020-04-09,6.14,6.71,6.58,5.97
2020-04-10,5.99,6.87,6.65,5.81
2020-04-11,6.13,6.5,6.67,6.04
2020-04-12,5.89,6.69,6.42,5.93
2020-04-13,5.97,6.87,6.71,6.06
2020-04-14,5.94,6.72,6.35,5.89
2020-04-15,6.1,6.99,6.4,5.9
2020-04-16,6.0,6.79,6.45,5.98
2020-04-17,5.95,6.75,6.62,5.95
2020-04-18,5.96,6.73,6.54,5.92
2020-04-19,5.97,6.99,6.62,5.93
2020-04-20,6.07,6.7,6.69,5.98
2020-04-21,5.99,6.82,6.36,5.86
2020-04-22,5.88,6.77,6.76,6.13
2020-04-23,6.06,6.83,6.33,5.91
2020-04-24,5.92,6.66,6.53,5.91
2020-04-25,5.8,6.86,6.42,5.97
2020-04-26,6.21,6.61,6.25,5.93
2020-04-27,6.11,7.04,6.4,5.99
2020-04-28,5.95,6.73,6.87,5.83
2020-04-29,6.03,6.82,6.68,5.96
2020-04-30,6.03,6.69,6.58,5.92
2020-05-01,6.06,6.69,6.6,5.95
2020-05-02,6.11,6.74,6.34,6.05
2020-05-03,5.91,6.65,6.48,6.06
2020-05-04,5.79,7.22,6.68,5.97
2020-05-05,5.99,6.79,6.61,6.0
2020-05-06,6.06,6.76,6.53,5.94
2020-05-07,5.98,6.92,6.62,5.71
2020-05-08,6.07,6.78,6.55,5.92
2020-05-09,6.11,6.89,6.46,5.98
2020-05-10,5.9,6.54,6.47,6.02
2020-05-11,6.1,6.83,6.64,5.99
2020-05-12,5.94,6.81,6.65,6.01
2020-05-13,6.12,6.86,6.59,6.04
2020-05-14,6.0,6.62,6.53,5.89
2020-05-15,5.93,6.73,6.45,5.93
2020-05-16,5.81,6.78,6.55,5.88
2020-05-17,6.07,6.89,6.36,5.89
2020-05-18,5.92,6.61,6.65,5.93
2020-05-19,5.97,6.45,6.63,5.85
2020-05-20,6.01,6.79,6.71,5.85
2020-05-21,5.7,6.78,6.77,6.05
2020-05-22,6.02,6.68,6.65,5.87
2020-05-23,6.05,6.83,6.68,6.17
2020-05-24,6.04,6.67,6.55,5.81
2020-05-25,5.93,6.69,6.49,5.96
2020-05-26,5.92,6.92,6.55,5.95
2020-05-27,5.97,6.77,6.65,5.88
2020-05-28,5.93,6.7,6.39,5.88
2020-05-29,5.95,6.88,6.58,5.97
2020-05-30,6.09,6.73,6.6,5.94
2020-05-31,6.03,6.66,6.26,5.94
2020-06-01,6.14,6.89,6.67,6.05
2020-06-02,6.01,6.78,6.48,5.92
2020-06-03,6.06,6.93,6.53,5.91
2020-06-04,6.0,6.84,6.38,5.77
2020-06-05,5.94,6.57,6.49,5.94
2020-06-06,5.95,6.97,6.59,5.97
2020-06-07,6.06,6.58,6.67,5.94
2020-06-08,6.07,6.59,6.36,6.02
2020-06-09,6.04,6.61,6.45,6.04
2020-06-10,5.88,7.0,6.44,6.0
2020-06-11,5.97,6.84,6.48,5.94
2020-06-12,6.0,6.6,6.64,5.91
2020-06-13,5.98,6.6,6.24,5.93
2020-06-14,6.24,6.87,6.55,5.93
2020-06-15,6.0,6.83,6.41,6.04
2020-06-16,6.07,6.86,6.6,5.95
2020-06-17,6.07,6.84,6.51,5.9
2020-06-18,6.01,6.98,6.4,5.83
2020-06-19,6.02,6.76,6.57,5.97
2020-06-20,5.98,6.97,6.36,5.88
2020-06-21,5.99,6.5,6.53,6.08
2020-06-22,6.0,6.78,6.4,5.9
2020-06-23,5.96,6.7,6.7,5.99
2020-06-24,5.89,6.79,6.61,6.04
2020-06-25,6.16,6.6,6.45,5.85
2020-06-26,5.98,6.82,6.67,5.94
2020-06-27,5.97,6.77,6.45,6.12
2020-06-28,5.84,6.78,6.79,5.95
2020-06-29,5.98,6.7,6.53,6.06
2020-06-30,5.78,6.98,6.38,5.93
2020-07-01,5.96,6.84,6.36,5.99
2020-07-02,6.2,6.55,6.57,5.9
2020-07-03,6.04,6.75,6.47,5.99
2020-07-04,6.18,6.72,6.64,5.85
2020-07-05,5.9,6.82,6.73,5.98
2020-07-06,5.97,6.75,6.4,6.0
2020-07-07,6.09,6.68,6.49,5.97
2020-07-08,5.96,6.74,6.8,5.93
2020-07-09,5.96,6.65,6.64,5.94
2020-07-10,5.94,6.95,6.72,5.9
2020-07-11,5.81,6.9,6.47,6.01
2020-07-12,5.8,6.88,6.4,6.01
2020-07-13,6.0,6.61,6.5,6.0
2020-07-14,6.01,6.84,6.79,5.82
2020-07-15,6.16,6.77,6.44,5.84
2020-07-16,5.98,6.89,6.53,6.07
2020-07-17,5.85,6.75,6.4,5.98
2020-07-18,6.09,6.69,6.24,5.97
2020-07-19,6.04,6.81,6.7,5.86
2020-07-20,6.07,6.93,6.34,5.98
2020-07-21,5.95,6.74,6.59,5.91
2020-07-22,5.93,6.76,6.42,5.86
2020-07-23,6.07,6.58,6.63,5.99
2020-07-24,5.83,6.65,6.69,5.87
2020-07-25,5.95,6.82,6.64,5.93
2020-07-26,5.94,6.96,6.76,6.03
2020-07-27,6.01,6.63,6.45,5.99
2020-07-28,6.04,6.96,6.63,5.83
2020-07-29,6.11,6.6,6.5,5.97
2020-07-30,6.2,7.22,6.62,5.94
2020-07-31,6.05,6.88,6.51,6.09
2020-08-01,6.02,6.82,6.63,5.98
2020-08-02,6.08,6.66,6.48,5.86
2020-08-03,6.04,6.87,6.6,6.08
2020-08-04,6.0,6.85,6.42,5.92
2020-08-05,6.07,6.88,6.51,5.94
2020-08-06,5.85,6.7,6.66,6.0
2020-08-07,6.05,6.76,6.55,5.9
2020-08-08,6.07,6.81,6.61,5.91
2020-08-09,5.78,6.91,6.49,5.88
2020-08-10,6.07,6.69,6.68,6.0
2020-08-11,6.07,6.55,6.7,5.97
2020-08-12,5.96,6.77,6.34,5.98
2020-08-13,5.9,6.55,6.37,6.04
2020-08-14,5.94,6.98,6.49,5.81
2020-08-15,5.89,6.94,6.53,5.91
2020-08-16,6.02,6.83,6.68,6.07
2020-08-17,5.96,6.55,6.5,5.97
2020-08-18,5.9,6.61,6.59,5.95
2020-08-19,6.0,6.64,6.52,5.88
2020-08-20,6.09,6.91,6.33,5.88
2020-08-21,5.85,6.65,6.54,5.83
2020-08-22,5.91,6.6,6.57,5.96
2020-08-23,5.93,6.78,6.48,5.93
2020-08-24,6.17,6.95,6.39,6.02
2020-08-25,6.08,6.58,6.65,6.07
2020-08-26,5.89,6.61,6.67,5.97
2020-08-27,6.06,6.8,6.6,5.84
2020-08-28,6.1,6.93,6.52,5.95
2020-08-29,5.85,6.83,6.62,5.95
2020-08-30,6.11,6.7,6.62,5.87
2020-08-31,6.0,6.72,6.58,5.92
2020-09-01,5.99,6.87,6.5,5.82
2020-09-02,6.17,6.96,6.39,6.01
2020-09-03,5.95,6.79,6.59,5.93
2020-09-04,5.92,6.65,6.44,5.88
2020-09-05,5.99,6.64,6.63,6.07
2020-09-06,5.94,6.79,6.61,5.99
2020-09-07,6.01,6.86,6.61,5.85
2020-09-08,6.09,6.88,6.46,5.95
2020-09-09,6.07,6.72,6.68,6.14
2020-09-10,5.92,6.54,6.59,6.01
2020-09-11,5.98,6.97,6.39,6.01
2020-09-12,5.94,7.01,6.79,5.89
2020-09-13,5.95,6.88,6.5,5.95
2020-09-14,6.0,6.46,6.55,5.89
2020-09-15,5.95,6.97,6.4,6.02
2020-09-16,5.97,6.71,6.64,5.98
2020-09-17,6.06,6.9,6.51,5.9
2020-09-18,5.89,6.63,6.9,6.05
2020-09-19,5.86,6.55,6.61,5.99
2020-09-20,6.05,6.71,6.53,5.98
2020-09-21,6.01,6.42,6.52,5.88
2020-09-22,6.02,7.2,6.59,5.92
2020-09-23,6.09,6.82,6.6,6.0
2020-09-24,6.21,6.58,6.61,5.88
2020-09-25,6.06,6.61,6.5,5.93
2020-09-26,6.1,6.89,6.4,5.95
2020-09-27,5.93,6.56,6.52,5.93
2020-09-28,6.24,6.81,6.38,5.9
2020-09-29,6.1,7.06,6.36,5.8
2020-09-30,6.19,6.81,6.45,5.99
2020-10-01,5.74,6.75,6.59,6.02
2020-10-02,5.9,6.76,6.44,5.97
2020-10-03,5.91,6.69,6.43,6.0
2020-10-04,6.09,6.71,6.55,5.83
2020-10-05,5.97,6.74,6.86,5.86
2020-10-06,6.15,6.9,6.58,6.09
2020-10-07,6.04,6.81,6.54,6.05
2020-10-08,6.11,6.66,6.39,5.93
2020-10-09,5.92,6.74,6.7,5.91
2020-10-10,6.0,6.76,6.65,5.77
2020-10-11,5.94,6.78,6.69,5.91
2020-10-12,5.81,6.84,6.47,5.85
2020-10-13,5.94,6.72,6.48,5.77
2020-10-14,6.09,6.94,6.63,5.86
2020-10-15,5.98,6.75,6.62,6.0
2020-10-16,5.93,6.76,6.6,6.07
2020-10-17,6.07,6.87,6.56,6.06
2020-10-18,6.04,6.62,6.72,6.01
2020-10-19,5.96,6.68,6.59,5.99
2020-10-20,6.02,6.8,6.75,6.04
2020-10-21,6.02,6.89,6.43,5.98
2020-10-22,6.18,6.72,6.45,5.9
2020-10-23,5.89,6.63,6.51,5.84
2020-10-24,6.0,6.89,6.44,6.07
2020-10-25,6.05,6.9,6.47,6.02
2020-10-26,5.89,6.88,6.57,5.99
2020-10-27,5.88,6.62,6.62,5.87
2020-10-28,6.05,6.54,6.65,5.85
2020-10-29,6.06,6.84,6.47,6.0
2020-10-30,6.03,6.67,6.43,5.79
2020-10-31,6.03,6.52,6.56,5.93
2020-11-01,6.07,6.7,6.51,6.01
2020-11-02,6.03,6.8,6.61,5.83
2020-11-03,6.08,6.84,6.43,5.93
2020-11-04,6.0,6.73,6.59,6.06
2020-11-05,6.11,6.55,6.62,6.06
2020-11-06,6.04,6.91,6.79,6.03
2020-11-07,6.02,6.91,6.57,5.95
2020-11-08,5.96,6.98,6.45,6.07
2020-11-09,6.05,6.54,6.59,5.78
2020-11-10,6.06,6.88,6.48,5.96
2020-11-11,6.2,6.67,6.42,6.07
2020-11-12,6.2,6.75,6.67,6.06
2020-11-13,5.93,6.68,6.7,6.08
2020-11-14,6.06,6.62,6.79,5.91
2020-11-15,5.97,6.8,6.74,6.02
2020-11-16,6.04,6.82,6.56,5.99
2020-11-17,5.75,6.71,6.58,5.86
2020-11-18,6.04,6.72,6.76,6.08
2020-11-19,5.95,6.73,6.54,5.91
2020-11-20,6.02,6.64,6.41,6.0
2020-11-21,6.06,6.63,6.66,5.9
2020-11-22,6.03,6.87,6.55,5.99
2020-11-23,5.95,6.72,6.53,5.89
2020-11-24,5.98,6.52,6.49,5.93
2020-11-25,5.97,6.71,6.54,5.99
2020-11-26,6.09,6.65,6.41,5.87
2020-11-27,5.95,6.7,6.46,5.85
2020-11-28,5.95,6.78,6.62,5.91
2020-11-29,5.96,6.61,6.55,5.88
2020-11-30,6.06,6.48,6.51,5.97
2020-12-01,6.02,7.15,6.59,5.87
2020-12-02,5.99,6.48,6.54,5.88
2020-12-03,6.09,6.67,6.54,5.9
2020-12-04,6.17,6.7,6.77,6.02
2020-12-05,6.05,6.81,6.6,5.8
2020-12-06,5.97,6.88,6.54,5.84
2020-12-07,5.99,7.01,6.7,5.95
2020-12-08,6.1,6.7,6.35,5.88
2020-12-09,6.16,6.71,6.52,5.93
2020-12-10,6.19,6.99,6.82,5.94
2020-12-11,6.03,6.52,6.73,5.86
2020-12-12,6.02,6.59,6.48,5.88
2020-12-13,5.94,6.67,6.48,6.02
2020-12-14,5.89,6.78,6.7,5.91
2020-12-15,5.93,6.72,6.69,5.97
2020-12-16,5.95,6.82,6.42,6.0
2020-12-17,6.04,6.7,6.45,5.88
2020-12-18,6.05,6.93,6.47,5.99
2020-12-19,5.79,6.66,6.55,5.88
2020-12-20,5.91,6.65,6.59,5.94
2020-12-21,5.78,6.43,6.48,5.99
2020-12-22,5.73,6.68,6.49,6.06
2020-12-23,5.96,6.81,6.57,5.78
2020-12-24,6.08,6.78,6.61,6.26
2020-12-25,5.79,7.01,6.52,5.97
2020-12-26,6.0,6.69,6.48,5.98
2020-12-27,5.85,6.86,6.5,5.86
2020-12-28,5.95,6.94,6.49,5.98
2020-12-29,5.93,6.86,6.63,6.1
2020-12-30,5.98,6.85,6.56,6.05
2020-12-31,5.93,6.86,6.53,5.94
2021-01-01,6.01,6.79,6.54,5.97
2021-01-02,6.16,6.9,6.65,5.91
2021-01-03,5.91,6.89,6.66,6.07
2021-01-04,5.94,6.72,6.35,5.92
2021-01-05,6.1,6.68,6.63,5.93
2021-01-06,6.03,6.58,6.56,5.71
2021-01-07,5.98,6.51,6.69,6.01
2021-01-08,6.05,6.98,6.44,6.09
2021-01-09,6.09,6.71,6.69,5.86
2021-01-10,5.92,6.66,6.49,5.87
2021-01-11,6.12,6.71,6.59,5.9
2021-01-12,5.82,6.79,6.32,5.94
2021-01-13,5.86,7.05,6.66,5.96
2021-01-14,6.13,6.62,6.62,5.97
2021-01-15,6.03,6.94,6.64,5.97
2021-01-16,5.83,6.61,6.54,5.96
2021-01-17,5.89,7.11,6.73,6.0
2021-01-18,6.01,6.72,6.44,5.96
2021-01-19,6.03,6.56,6.59,5.94
2021-01-20,5.81,6.62,6.5,6.1
2021-01-21,6.06,6.55,6.61,5.83
2021-01-22,6.11,6.68,6.54,6.06
2021-01-23,5.87,6.54,6.48,6.03
2021-01-24,5.85,6.33,6.5,5.99
2021-01-25,6.12,6.68,6.5,6.04
2021-01-26,5.81,6.69,6.57,5.99
2021-01-27,5.95,6.76,6.25,5.9
2021-01-28,6.05,6.6,6.56,5.99
2021-01-29,5.97,6.78,6.43,5.93
2021-01-30,6.06,6.77,6.48,5.97
2021-01-31,6.07,6.44,6.69,5.92
2021-02-01,6.04,6.93,6.39,5.89
2021-02-02,5.97,6.63,6.76,5.88
2021-02-03,5.94,6.78,6.41,5.92
2021-02-04,6.03,6.7,6.54,5.91
2021-02-05,5.85,6.8,6.76,5.95
2021-02-06,6.02,6.85,6.4,6.09
2021-02-07,6.02,6.99,6.46,6.1
2021-02-08,6.08,6.83,6.58,5.93
2021-02-09,6.12,6.77,6.31,5.86
2021-02-10,5.98,6.8,6.54,6.05
2021-02-11,5.8,6.77,6.33,6.01
2021-02-12,5.99,6.81,6.45,6.05
2021-02-13,6.1,6.84,6.53,6.0
2021-02-14,5.93,6.88,6.75,6.04
2021-02-15,5.93,6.8,6.39,6.0
2021-02-16,6.05,6.47,6.41,5.93
2021-02-17,5.97,6.57,6.6,5.97
2021-02-18,5.98,6.64,6.68,6.08
2021-02-19,5.95,6.66,6.61,5.92
2021-02-20,5.99,6.86,6.32,6.06
2021-02-21,6.01,6.69,6.54,5.95
2021-02-22,5.83,6.97,6.55,5.99
2021-02-23,6.1,6.6,6.61,5.93
2021-02-24,6.08,6.43,6.54,5.9
2021-02-25,6.04,6.82,6.47,5.89
2021-02-26,5.99,6.62,6.65,5.92
2021-02-27,5.71,6.69,6.43,5.82
2021-02-28,5.88,6.77,6.71,5.98
2021-03-01,5.94,6.82,6.49,5.89
2021-03-02,5.88,6.49,6.5,5.96
2021-03-03,5.99,6.69,6.44,6.0
2021-03-04,5.87,6.87,6.43,5.89
2021-03-05,5.85,6.67,6.67,5.99
2021-03-06,6.1,6.83,6.42,5.92
2021-03-07,5.92,6.95,6.41,6.02
2021-03-08,6.09,7.02,6.5,6.01
2021-03-09,6.23,6.66,6.37,5.8
2021-03-10,6.07,6.47,6.51,5.98
2021-03-11,6.02,6.81,6.58,6.05
2021-03-12,5.9,6.65,6.46,6.02
2021-03-13,6.09,6.82,6.69,5.86
2021-03-14,6.17,6.98,6.64,6.09
2021-03-15,5.83,6.67,6.46,6.01
2021-03-16,5.89,6.86,6.71,6.01
2021-03-17,6.03,6.6,6.45,6.05
2021-03-18,6.08,6.74,6.5,5.79
2021-03-19,5.89,7.04,6.4,5.97
2021-03-20,6.1,6.56,6.57,6.03
2021-03-21,6.0,7.18,6.35,6.03
2021-03-22,5.98,6.87,6.6,5.89
2021-03-23,6.02,6.47,6.62,5.97
2021-03-24,6.06,6.91,6.59,5.96
2021-03-25,5.91,6.64,6.69,6.06
2021-03-26,5.98,6.76,6.44,6.04
2021-03-27,6.07,7.04,6.44,5.92
2021-03-28,6.02,6.85,6.52,5.88
2021-03-29,6.09,6.86,6.44,6.06
2021-03-30,6.12,6.77,6.56,5.99
2021-03-31,5.91,6.75,6.29,6.02
2021-04-01,5.84,6.98,6.51,5.93
2021-04-02,5.94,6.71,6.72,5.75
2021-04-03,6.13,6.8,6.41,5.86
2021-04-04,6.17,6.61,6.41,6.04
2021-04-05,6.03,6.61,6.58,5.87
2021-04-06,6.11,6.91,6.61,5.98
2021-04-07,6.18,6.75,6.41,5.99
2021-04-08,6.21,6.6,6.51,5.98
2021-04-09,5.99,6.6,6.68,6.14
2021-04-10,6.02,6.61,6.36,5.97
2021-04-11,6.11,6.82,6.55,5.9
2021-04-12,5.89,6.88,6.66,5.83
2021-04-13,6.16,6.84,6.72,5.84
2021-04-14,5.86,6.73,6.61,6.09
2021-04-15,6.07,6.71,6.43,6.05
2021-04-16,5.9,6.99,6.52,6.08
2021-04-17,6.07,6.73,6.49,5.92
2021-04-18,6.04,6.76,6.48,5.94
2021-04-19,6.01,6.43,6.6,5.87
2021-04-20,5.88,6.5,6.33,5.84
2021-04-21,5.93,7.04,6.49,5.96
2021-04-22,6.04,6.77,6.54,5.85
2021-04-23,6.15,7.02,6.35,5.87
2021-04-24,5.97,6.61,6.61,5.89
2021-04-25,6.22,6.93,6.58,6.03
2021-04-26,6.11,6.67,6.45,5.96
2021-04-27,6.09,6.77,6.36,5.89
2021-04-28,5.99,6.74,6.79,5.84
2021-04-29,6.05,6.97,6.82,5.92
2021-04-30,6.05,6.84,6.57,5.94
2021-05-01,6.04,6.37,6.63,5.96
2021-05-02,5.98,7.06,6.47,5.92
2021-05-03,6.2,6.63,6.48,5.94
2021-05-04,6.08,6.78,6.39,5.91
2021-05-05,5.94,6.74,6.6,5.98
2021-05-06,5.82,6.91,6.58,6.06
2021-05-07,6.04,6.92,6.61,6.06
2021-05-08,6.05,6.74,6.82,6.02
2021-05-09,6.06,6.56,6.4,5.97
2021-05-10,6.01,6.66,6.57,6.08
2021-05-11,6.07,6.58,6.54,5.89
2021-05-12,5.96,6.69,6.49,5.85
2021-05-13,5.99,6.67,6.2,6.11
2021-05-14,6.11,6.69,6.55,5.86
2021-05-15,6.17,7.03,6.57,6.03
2021-05-16,6.02,6.55,6.5,5.96
2021-05-17,5.95,6.72,6.54,5.94
2021-05-18,6.01,6.59,6.46,5.85
2021-05-19,6.1,6.43,6.69,6.06
2021-05-20,5.97,6.36,6.51,5.94
2021-05-21,5.9,6.67,6.73,6.0
2021-05-22,5.91,6.51,6.51,5.93
2021-05-23,6.05,6.67,6.61,6.1
2021-05-24,6.08,6.74,6.53,5.92
2021-05-25,6.12,6.66,6.56,5.95
2021-05-26,5.95,6.54,6.59,5.95
2021-05-27,6.05,6.67,6.7,5.88
2021-05-28,6.17,6.49,6.6,5.99
2021-05-29,5.92,6.81,6.7,5.77
2021-05-30,6.05,6.38,6.43,6.08
2021-05-31,5.94,6.57,6.53,6.12
2021-06-01,5.82,6.59,6.73,6.1
2021-06-02,5.99,6.56,6.8,6.08
2021-06-03,6.07,6.63,6.54,5.94
2021-06-04,6.03,6.97,6.66,5.86
2021-06-05,6.14,6.8,6.63,6.07
2021-06-06,5.89,6.74,6.49,5.82
2021-06-07,6.03,7.13,6.33,5.95
2021-06-08,6.06,6.77,6.54,5.85
2021-06-09,6.02,6.64,6.29,6.05
2021-06-10,6.1,6.76,6.58,6.04
2021-06-11,6.02,6.89,6.51,6.05
2021-06-12,6.03,6.78,6.4,5.97
2021-06-13,5.92,6.65,6.45,5.86
2021-06-14,6.21,6.95,6.78,5.85
2021-06-15,6.01,6.56,6.47,5.88
2021-06-16,6.12,6.69,6.68,6.0
2021-06-17,6.23,6.53,6.7,6.04
2021-06-18,5.9,6.9,6.59,5.93
2021-06-19,5.92,6.64,6.8,5.95
2021-06-20,6.08,6.63,6.46,6.04
2021-06-21,5.87,6.69,6.55,5.96
2021-06-22,5.98,6.81,6.63,6.01
2021-06-23,5.9,6.71,6.69,6.02
2021-06-24,5.86,6.8,6.31,5.95
2021-06-25,6.19,6.61,6.45,6.01
2021-06-26,5.85,6.66,6.62,5.9
2021-06-27,5.98,6.86,6.6,5.97
2021-06-28,5.97,6.81,6.54,5.99
2021-06-29,5.95,6.72,6.43,5.95
2021-06-30,5.92,6.58,6.58,5.97
2021-07-01,6.08,6.69,6.6,5.99
2021-07-02,6.04,6.63,6.57,5.98
2021-07-03,6.0,6.44,6.57,6.13
2021-07-04,5.96,6.64,6.59,5.97
2021-07-05,6.12,6.56,6.64,6.0
2021-07-06,5.99,6.8,6.67,6.02
2021-07-07,5.89,6.87,6.54,5.96
2021-07-08,6.01,6.73,6.69,5.94
2021-07-09,5.89,6.69,6.57,6.05
2021-07-10,6.06,6.62,6.85,5.97
2021-07-11,6.13,6.73,6.61,6.02
2021-07-12,6.12,6.91,6.65,5.92
2021-07-13,5.94,6.8,6.66,5.93
2021-07-14,6.11,6.97,6.44,5.88
2021-07-15,5.99,6.8,6.49,6.06
2021-07-16,6.04,6.76,6.38,5.84
2021-07-17,6.03,6.43,6.67,5.94
2021-07-18,6.32,7.1,6.53,5.94
2021-07-19,6.1,7.01,6.35,5.81
2021-07-20,5.94,6.84,6.61,6.04
2021-07-21,5.88,6.4,6.65,5.88
2021-07-22,5.8,6.77,6.65,5.94
2021-07-23,5.95,6.73,6.51,5.84
2021-07-24,5.93,6.83,6.59,5.96
2021-07-25,5.9,6.72,6.29,5.96
2021-07-26,6.14,6.53,6.48,5.98
2021-07-27,6.13,6.68,6.47,5.79
2021-07-28,6.01,7.06,6.58,5.95
2021-07-29,6.03,6.75,6.45,6.02
2021-07-30,6.02,6.75,6.43,6.05
2021-07-31,6.07,6.67,6.67,5.91
2021-08-01,5.92,6.64,6.34,5.99
2021-08-02,5.82,6.57,6.3,5.94
2021-08-03,5.98,6.7,6.42,5.86
2021-08-04,6.05,6.67,6.59,5.88
2021-08-05,6.02,6.95,6.62,5.92
2021-08-06,6.03,6.71,6.55,5.92
2021-08-07,5.98,6.78,6.43,5.87
2021-08-08,5.86,6.51,6.4,5.96
2021-08-09,5.91,6.83,6.55,5.79
2021-08-10,6.07,6.87,6.43,5.98
2021-08-11,5.91,6.76,6.4,5.81
2021-08-12,5.96,6.73,6.5,5.86
2021-08-13,5.96,6.79,6.54,5.96
2021-08-14,5.93,6.93,6.41,5.99
2021-08-15,6.12,6.82,6.53,5.91
2021-08-16,6.1,6.54,6.43,5.92
2021-08-17,6.12,6.81,6.43,5.93
2021-08-18,5.94,6.64,6.67,5.84
2021-08-19,6.16,6.87,6.68,5.91
2021-08-20,5.99,6.54,6.49,5.99
2021-08-21,6.13,6.58,6.51,5.94
2021-08-22,5.86,6.84,6.46,5.93
2021-08-23,5.95,6.63,6.55,5.93
2021-08-24,5.96,6.64,6.59,6.08
2021-08-25,6.01,6.9,6.38,5.96
2021-08-26,5.89,6.53,6.46,6.05
2021-08-27,6.1,6.79,6.37,5.93
2021-08-28,6.03,6.78,6.33,5.88
2021-08-29,5.99,6.83,6.29,5.94
2021-08-30,6.01,6.88,6.63,6.0
2021-08-31,5.92,6.46,6.5,6.03
2021-09-01,6.14,6.86,6.6,5.98
2021-09-02,5.94,6.73,6.75,5.87
2021-09-03,6.16,6.7,6.71,5.84
2021-09-04,6.06,6.64,6.38,5.97
2021-09-05,6.1,6.62,6.37,5.94
2021-09-06,5.99,6.83,6.66,5.95
2021-09-07,6.19,6.78,6.51,5.82
2021-09-08,5.97,6.7,6.67,5.99
2021-09-09,5.88,6.78,6.63,6.07
2021-09-10,6.09,6.86,6.56,5.98
2021-09-11,6.12,6.55,6.51,5.89
2021-09-12,6.04,6.93,6.48,5.76
2021-09-13,5.96,6.89,6.61,5.98
2021-09-14,5.97,6.56,6.61,5.88
2021-09-15,6.22,6.84,6.48,5.9
2021-09-16,5.99,6.71,6.68,5.96
2021-09-17,5.93,7.03,6.56,6.01
2021-09-18,5.94,6.8,6.59,5.8
2021-09-19,6.2,6.94,6.5,5.86
2021-09-20,6.03,6.76,6.59,5.97
2021-09-21,6.05,6.97,6.62,5.87
2021-09-22,6.14,7.0,6.93,5.86
2021-09-23,6.02,6.44,6.62,5.91
2021-09-24,6.19,6.63,6.35,5.91
2021-09-25,5.8,6.86,6.3,5.95
2021-09-26,5.79,6.7,6.75,5.98
2021-09-27,5.91,6.75,6.55,5.99
2021-09-28,5.86,6.84,6.23,5.9
2021-09-29,5.95,6.84,6.55,5.84
2021-09-30,5.9,6.78,6.54,5.9
2021-10-01,5.95,6.85,6.49,5.94
2021-10-02,6.22,6.54,6.33,6.01
2021-10-03,5.93,6.7,6.46,5.93
2021-10-04,6.16,6.87,6.65,5.84
2021-10-05,5.88,6.32,6.45,6.03
2021-10-06,6.05,6.72,6.55,5.89
2021-10-07,6.02,6.86,6.36,5.97
2021-10-08,6.09,6.69,6.63,6.18
2021-10-09,5.99,6.81,6.46,5.96
2021-10-10,6.05,6.78,6.43,5.97
2021-10-11,6.15,6.82,6.67,5.93
2021-10-12,6.07,6.79,6.44,5.98
2021-10-13,5.9,6.66,6.57,5.97
2021-10-14,5.88,6.91,6.62,5.89
2021-10-15,5.85,6.73,6.5,5.96
2021-10-16,5.96,6.45,6.5,5.93
2021-10-17,6.06,6.65,6.75,5.8
2021-10-18,6.13,6.72,6.65,5.96
2021-10-19,6.11,6.69,6.42,6.06
2021-10-20,5.99,6.78,6.7,5.87
2021-10-21,6.06,6.66,6.53,5.96
2021-10-22,5.85,6.63,6.71,6.02
2021-10-23,5.99,6.79,6.51,6.06
2021-10-24,5.98,6.78,6.69,5.89
2021-10-25,6.16,6.52,6.75,5.92
2021-10-26,5.98,6.47,6.5,5.87
2021-10-27,5.94,6.73,6.66,5.97
2021-10-28,6.03,6.59,6.44,6.09
2021-10-29,5.93,7.0,6.52,5.95
2021-10-30,6.11,6.94,6.54,5.92
2021-10-31,5.99,6.8,6.66,5.95
2021-11-01,6.06,7.0,6.6,5.97
2021-11-02,5.85,6.36,6.6,5.94
2021-11-03,5.95,6.79,6.54,6.04
2021-11-04,6.01,6.64,6.67,5.93
2021-11-05,6.05,6.68,6.47,5.96
2021-11-06,6.0,6.82,6.52,5.8
2021-11-07,5.96,6.87,6.51,5.93
2021-11-08,6.1,6.64,6.36,5.94
2021-11-09,5.95,6.61,6.53,5.99
2021-11-10,6.0,6.8,6.77,5.92
2021-11-11,6.03,6.67,6.45,5.9
2021-11-12,5.95,6.8,6.83,5.89
2021-11-13,5.96,6.74,6.6,5.97
2021-11-14,6.13,6.39,6.26,5.91
2021-11-15,6.11,6.52,6.19,6.0
2021-11-16,6.02,6.59,6.43,5.87
2021-11-17,6.01,6.66,6.61,5.72
2021-11-18,5.91,6.58,6.52,5.91
2021-11-19,6.08,6.47,6.56,5.99
2021-11-20,6.19,6.68,6.59,5.81
2021-11-21,5.76,6.88,6.55,6.04
2021-11-22,5.86,6.83,6.77,5.98
2021-11-23,6.03,6.75,6.36,6.06
2021-11-24,5.94,6.83,6.36,5.86
2021-11-25,6.14,6.7,6.72,5.94
2021-11-26,5.82,6.88,6.48,6.01
2021-11-27,6.0,6.52,6.57,6.13
2021-11-28,6.05,6.74,6.68,5.97
2021-11-29,6.02,6.59,6.58,6.03
2021-11-30,5.92,6.96,6.54,5.88
2021-12-01,6.1,6.71,6.64,5.93
2021-12-02,5.99,6.82,6.58,5.79
2021-12-03,5.89,6.89,6.53,5.91
2021-12-04,5.86,6.59,6.31,5.94
2021-12-05,5.94,6.61,6.54,5.98
2021-12-06,6.21,6.52,6.69,6.03
2021-12-07,5.92,6.78,6.5,5.96
2021-12-08,6.15,6.84,6.61,5.92
2021-12-09,5.85,6.72,6.69,5.83
2021-12-10,5.89,6.77,6.43,5.89
2021-12-11,5.96,6.55,6.43,6.01
2021-12-12,5.87,6.51,6.47,6.01
2021-12-13,5.98,6.68,6.56,5.81
2021-12-14,6.05,6.81,6.5,6.03
2021-12-15,5.89,6.92,6.57,5.92
2021-12-16,6.0,6.73,6.7,5.86
2021-12-17,5.92,6.91,6.48,6.02
2021-12-18,6.17,6.69,6.63,5.86
2021-12-19,6.08,6.78,6.61,5.9
2021-12-20,5.83,6.83,6.3,5.92
2021-12-21,6.09,6.78,6.78,6.03
2021-12-22,5.93,6.75,6.54,5.82
2021-12-23,5.91,6.67,6.31,5.95
2021-12-24,5.98,6.5,6.6,6.01
2021-12-25,6.02,6.7,6.62,6.0
2021-12-26,6.03,6.63,6.58,6.05
2021-12-27,5.94,7.06,6.49,5.95
2021-12-28,5.93,6.78,6.34,5.91
2021-12-29,5.89,6.77,6.67,6.0
2021-12-30,5.76,7.06,6.59,5.89
2021-12-31,6.02,6.78,6.47,5.97
2022-01-01,5.94,6.69,6.47,5.84
2022-01-02,6.01,6.84,6.61,6.02
2022-01-03,6.03,6.67,6.65,5.84
2022-01-04,5.91,6.61,6.68,6.03
2022-01-05,6.05,6.91,6.44,5.98
2022-01-06,5.99,6.88,6.54,5.92
2022-01-07,6.05,6.88,6.47,5.95
2022-01-08,5.89,6.38,6.57,6.0
2022-01-09,6.03,6.46,6.51,5.77
2022-01-10,6.14,6.59,6.7,6.03
2022-01-11,5.91,6.58,6.59,5.88
2022-01-12,6.01,6.68,6.34,5.77
2022-01-13,6.02,6.67,6.48,6.01
2022-01-14,6.12,6.71,6.51,5.99
2022-01-15,5.86,6.78,6.62,6.0
2022-01-16,5.81,6.64,6.44,5.96
2022-01-17,6.05,6.97,6.49,5.91
2022-01-18,6.11,6.79,6.7,5.97
2022-01-19,5.88,6.55,6.36,6.0
2022-01-20,6.12,7.03,6.65,6.04
2022-01-21,5.94,6.58,6.65,5.98
2022-01-22,6.01,6.81,6.59,6.05
2022-01-23,6.13,6.83,6.65,5.99
2022-01-24,5.95,6.86,6.38,6.03
2022-01-25,5.88,6.79,6.45,5.99
2022-01-26,6.0,6.51,6.6,5.9
2022-01-27,6.09,6.75,6.6,5.87
2022-01-28,5.94,6.68,6.65,6.08
2022-01-29,5.92,6.91,6.29,5.85
2022-01-30,5.9,6.55,6.36,5.98
2022-01-31,5.98,6.81,6.63,5.97
2022-02-01,6.07,6.74,6.41,6.03
2022-02-02,5.94,6.61,6.53,5.88
2022-02-03,5.96,6.8,6.59,5.88
2022-02-04,5.95,6.91,6.61,6.12
2022-02-05,6.12,6.92,6.38,6.01
2022-02-06,5.99,6.67,6.57,6.03
2022-02-07,6.05,6.62,6.64,5.9
2022-02-08,6.02,6.7,6.52,6.01
2022-02-09,5.9,7.04,6.33,5.9
2022-02-10,6.04,6.84,6.54,5.95
2022-02-11,6.04,6.72,6.72,6.02
2022-02-12,6.09,6.61,6.54,5.93
2022-02-13,5.9,6.8,6.49,6.0
2022-02-14,5.89,7.01,6.44,5.97
2022-02-15,6.08,6.66,6.65,5.85
2022-02-16,6.15,6.75,6.48,5.93
2022-02-17,6.08,6.66,6.46,5.93
2022-02-18,5.88,7.02,6.48,6.02
2022-02-19,6.02,6.6,6.55,6.01
2022-02-20,5.98,6.93,6.67,6.02
2022-02-21,5.95,6.59,6.48,5.97
2022-02-22,6.05,6.42,6.55,5.96
2022-02-23,5.97,6.94,6.6,6.05
2022-02-24,5.98,6.89,6.75,6.05
2022-02-25,5.89,6.71,6.51,5.99
2022-02-26,6.07,6.62,6.56,5.79
2022-02-27,6.14,6.67,6.56,5.93
2022-02-28,6.11,6.32,6.55,5.94
2022-03-01,5.95,7.01,6.44,6.01
2022-03-02,6.04,6.94,6.47,5.89
2022-03-03,6.11,6.81,6.36,5.91
2022-03-04,6.04,6.88,6.47,5.72
2022-03-05,6.05,6.57,6.31,5.72
2022-03-06,6.08,6.77,6.52,6.06
2022-03-07,6.06,6.99,6.38,5.95
2022-03-08,5.84,6.72,6.52,6.0
2022-03-09,6.0,6.84,6.63,6.12
2022-03-10,5.97,6.61,6.58,5.89
2022-03-11,6.15,6.71,6.48,5.91
2022-03-12,6.07,6.73,6.47,6.08
2022-03-13,5.91,6.76,6.63,5.82
2022-03-14,6.05,6.59,6.65,5.87
2022-03-15,6.07,6.92,6.65,5.97
2022-03-16,5.98,6.66,6.73,5.89
2022-03-17,5.9,6.85,6.45,5.87
2022-03-18,5.86,6.68,6.54,5.97
2022-03-19,6.1,6.83,6.53,5.93
2022-03-20,6.05,6.94,6.57,5.91
2022-03-21,5.9,6.53,6.63,6.0
2022-03-22,6.06,6.73,6.72,5.91
2022-03-23,6.1,6.74,6.48,6.0
2022-03-24,6.04,6.8,6.56,5.95
2022-03-25,6.24,6.93,6.64,5.96
2022-03-26,6.1,6.83,6.55,5.93
2022-03-27,5.99,6.27,6.58,5.91
2022-03-28,6.16,6.75,6.41,5.95
2022-03-29,5.9,6.82,6.58,6.03
2022-03-30,5.92,6.76,6.39,6.01
2022-03-31,6.05,6.82,6.55,5.98
2022-04-01,6.16,6.71,6.57,5.86
2022-04-02,5.91,6.76,6.68,5.93
2022-04-03,5.98,6.69,6.49,5.97
2022-04-04,5.85,6.94,6.47,6.01
2022-04-05,5.87,6.85,6.63,5.98
2022-04-06,5.9,6.79,6.41,5.93
2022-04-07,6.1,6.87,6.55,5.87
2022-04-08,6.06,6.75,6.27,6.01
2022-04-09,6.0,6.93,6.42,5.7
2022-04-10,6.03,6.79,6.35,5.87
2022-04-11,6.28,6.7,6.64,5.9
2022-04-12,5.79,6.72,6.52,5.92
2022-04-13,5.99,6.79,6.53,5.85
2022-04-14,6.05,6.46,6.3,6.01
2022-04-15,6.05,6.74,6.38,5.89
2022-04-16,5.97,6.51,6.46,6.0
2022-04-17,6.14,6.69,6.64,5.8
2022-04-18,6.07,6.63,6.59,5.93
2022-04-19,6.13,6.62,6.63,5.93
2022-04-20,5.98,6.72,6.45,5.95
2022-04-21,5.99,6.79,6.56,6.01
2022-04-22,6.09,6.59,6.65,5.86
2022-04-23,6.06,6.84,6.32,5.96
2022-04-24,5.95,6.64,6.71,5.9
2022-04-25,5.92,6.76,6.63,5.94
2022-04-26,6.12,6.83,6.29,5.91
2022-04-27,5.94,6.82,6.24,6.15
2022-04-28,6.05,6.77,6.69,6.14
2022-04-29,6.09,6.89,6.57,5.94
2022-04-30,5.95,6.63,6.47,5.84
2022-05-01,5.99,6.5,6.57,5.95
2022-05-02,6.01,6.67,6.92,6.06
2022-05-03,5.88,6.78,6.48,5.87
2022-05-04,5.87,6.81,6.47,6.03
2022-05-05,6.1,6.96,6.45,5.99
2022-05-06,6.06,6.68,6.46,6.08
2022-05-07,6.02,6.85,6.45,5.85
2022-05-08,5.94,6.73,6.42,5.95
2022-05-09,5.83,6.58,6.63,6.0
2022-05-10,5.96,6.6,6.43,5.92
2022-05-11,6.06,6.89,6.49,5.86
2022-05-12,6.03,6.63,6.49,6.06
2022-05-13,6.08,6.77,6.4,5.97
2022-05-14,6.11,6.69,6.71,6.05
2022-05-15,6.17,6.8,6.62,6.06
2022-05-16,6.04,6.67,6.5,5.97
2022-05-17,5.87,6.73,6.68,5.77
2022-05-18,6.15,6.92,6.49,5.99
2022-05-19,6.0,6.93,6.67,5.84
2022-05-20,6.06,6.72,6.56,5.89
2022-05-21,6.17,6.91,6.46,5.84
2022-05-22,5.96,6.82,6.58,6.05
2022-05-23,6.08,6.9,6.59,5.84
2022-05-24,5.98,6.91,6.54,5.99
2022-05-25,5.97,6.6,6.54,5.97
2022-05-26,5.93,6.71,6.44,6.04
2022-05-27,5.97,6.97,6.73,5.94
2022-05-28,5.9,6.44,6.37,5.84
2022-05-29,6.14,6.77,6.6,5.77
2022-05-30,5.88,6.88,6.58,5.94
2022-05-31,6.06,7.0,6.52,5.96
2022-06-01,6.02,7.11,6.3,6.0
2022-06-02,5.99,6.84,6.47,5.95
2022-06-03,6.07,7.22,6.65,5.88
2022-06-04,5.96,6.68,6.33,5.92
2022-06-05,6.07,6.56,6.68,5.99
2022-06-06,5.93,6.73,6.74,6.01
2022-06-07,6.0,6.71,6.56,5.91
2022-06-08,5.79,7.06,6.57,5.98
2022-06-09,5.99,6.64,6.53,5.82
2022-06-10,6.23,6.56,6.43,5.91
2022-06-11,6.13,6.75,6.4,6.05
2022-06-12,6.07,6.83,6.64,6.14
2022-06-13,6.22,6.65,6.74,5.98
2022-06-14,6.05,6.5,6.53,5.88
2022-06-15,6.08,6.91,6.3,5.95
2022-06-16,6.11,6.72,6.64,5.98
2022-06-17,6.03,6.71,6.4,5.86
2022-06-18,6.07,6.75,6.53,5.92
2022-06-19,5.97,6.91,6.51,5.84
2022-06-20,6.07,6.72,6.55,6.08
2022-06-21,6.0,6.79,6.41,5.93
2022-06-22,6.06,6.52,6.57,5.96
2022-06-23,6.0,6.91,6.59,6.07
2022-06-24,5.9,6.77,6.56,5.86
2022-06-25,6.1,7.1,6.55,5.99
2022-06-26,6.01,6.64,6.33,5.89
2022-06-27,5.86,7.01,6.54,5.92
2022-06-28,6.09,6.58,6.46,5.96
2022-06-29,6.1,6.83,6.58,5.96
2022-06-30,6.04,6.78,6.43,5.95
2022-07-01,5.89,6.76,6.49,6.15
2022-07-02,6.0,6.54,6.53,5.99
2022-07-03,6.17,6.66,6.36,6.02
2022-07-04,5.86,6.68,6.52,5.94
2022-07-05,6.07,6.65,6.52,5.95
2022-07-06,6.01,6.76,6.6,6.02
2022-07-07,6.04,6.82,6.36,5.95
2022-07-08,6.05,6.86,6.47,5.9
2022-07-09,5.94,6.83,6.67,5.92
2022-07-10,6.09,6.77,6.54,5.93
2022-07-11,6.07,6.8,6.82,5.88
2022-07-12,6.05,6.67,6.45,5.95
2022-07-13,6.01,7.19,6.53,5.86
2022-07-14,6.03,6.44,6.54,5.95
2022-07-15,6.08,6.9,6.49,5.94
2022-07-16,5.92,6.58,6.59,5.85
2022-07-17,5.96,6.6,6.62,6.09
2022-07-18,5.87,6.47,6.54,5.95
2022-07-19,6.02,6.68,6.53,5.98
2022-07-20,6.1,6.46,6.51,5.97
2022-07-21,5.91,7.01,6.47,5.95
2022-07-22,6.06,6.66,6.33,5.92
2022-07-23,6.1,6.7,6.45,6.02
2022-07-24,5.97,6.67,6.57,6.01
2022-07-25,6.24,6.87,6.69,5.91
2022-07-26,5.9,6.76,6.56,5.86
2022-07-27,5.98,6.81,6.59,5.99
2022-07-28,6.03,6.67,6.49,5.85
2022-07-29,6.18,6.75,6.52,5.88
2022-07-30,6.29,6.59,6.5,5.98
2022-07-31,6.06,6.89,6.77,5.99
2022-08-01,5.89,6.71,6.59,6.12
2022-08-02,5.86,6.93,6.57,6.02
2022-08-03,5.99,6.62,6.64,6.0
2022-08-04,6.1,6.75,6.48,5.83
2022-08-05,6.08,6.81,6.43,5.91
2022-08-06,5.95,6.53,6.45,5.86
2022-08-07,5.96,6.64,6.35,6.11
2022-08-08,6.13,6.63,6.58,5.98
2022-08-09,6.12,6.63,6.68,5.91
2022-08-10,5.87,6.86,6.7,6.16
2022-08-11,5.88,6.85,6.5,6.01
2022-08-12,5.85,6.56,6.46,5.96
2022-08-13,5.94,6.85,6.67,6.0
2022-08-14,6.16,6.81,6.4,6.06
2022-08-15,5.94,6.89,6.74,5.99
2022-08-16,5.85,6.61,6.71,5.94
2022-08-17,6.01,6.86,6.63,5.97
2022-08-18,5.98,6.7,6.65,5.99
2022-08-19,5.97,6.91,6.53,5.88
2022-08-20,5.92,6.6,6.52,6.05
2022-08-21,5.92,6.78,6.47,5.93
2022-08-22,5.85,6.72,6.53,5.99
2022-08-23,6.02,6.57,6.68,5.97
2022-08-24,6.02,6.75,6.49,5.97
2022-08-25,6.05,6.49,6.49,5.93
2022-08-26,6.03,6.93,6.46,5.91
2022-08-27,5.95,6.63,6.51,6.01
2022-08-28,5.89,6.81,6.35,5.91
2022-08-29,5.97,7.0,6.52,5.77
2022-08-30,5.8,6.76,6.62,5.98
2022-08-31,6.02,6.92,6.49,6.02
2022-09-01,5.84,6.61,6.33,5.93
2022-09-02,6.0,6.77,6.56,5.88
2022-09-03,5.98,6.53,6.71,5.93
2022-09-04,5.95,6.99,6.4,5.86
2022-09-05,5.89,6.74,6.6,6.01
2022-09-06,6.26,6.41,6.62,5.91
2022-09-07,5.94,6.66,6.44,6.08
2022-09-08,6.08,6.75,6.71,5.83
2022-09-09,5.87,6.42,6.47,5.96
2022-09-10,6.01,6.77,6.38,6.01
2022-09-11,6.02,6.86,6.32,5.97
2022-09-12,5.88,6.69,6.61,5.96
2022-09-13,5.91,6.75,6.37,6.04
2022-09-14,5.98,6.92,6.49,5.91
2022-09-15,5.92,6.88,6.46,6.0
2022-09-16,5.96,6.45,6.48,5.86
2022-09-17,6.0,6.57,6.66,5.94
2022-09-18,5.98,6.85,6.67,5.95
2022-09-19,5.92,6.48,6.47,5.9
2022-09-20,6.01,6.7,6.63,5.9
2022-09-21,5.99,6.93,6.59,5.95
2022-09-22,5.94,6.66,6.45,5.91
2022-09-23,6.08,6.72,6.39,6.09
2022-09-24,6.03,6.54,6.5,5.96
2022-09-25,6.17,6.58,6.67,6.06
2022-09-26,5.94,6.71,6.43,5.93
2022-09-27,6.0,6.85,6.68,5.89
2022-09-28,5.8,6.75,6.59,5.97
2022-09-29,5.97,6.77,6.73,5.98
2022-09-30,5.96,6.67,6.53,6.08
2022-10-01,5.98,6.75,6.49,6.04
2022-10-02,6.2,6.82,6.56,5.95
2022-10-03,5.76,6.86,6.57,5.98
2022-10-04,5.93,6.69,6.5,6.03
2022-10-05,5.96,7.06,6.6,5.85
2022-10-06,5.99,6.65,6.29,6.08
2022-10-07,6.07,6.83,6.57,5.84
2022-10-08,5.95,6.88,6.42,5.75
2022-10-09,5.98,6.73,6.57,6.01
2022-10-10,6.06,6.79,6.69,5.83
2022-10-11,6.05,6.84,6.4,5.83
2022-10-12,5.93,6.65,6.64,5.9
2022-10-13,5.91,6.66,6.68,5.95
2022-10-14,5.98,6.73,6.71,5.89
2022-10-15,6.13,6.78,6.53,6.15
2022-10-16,5.89,6.7,6.4,6.03
2022-10-17,6.17,7.0,6.7,5.93
2022-10-18,5.96,6.5,6.79,5.99
2022-10-19,5.95,6.95,6.43,5.98
2022-10-20,5.98,6.85,6.54,5.83
2022-10-21,6.01,6.91,6.55,6.01
2022-10-22,5.9,6.75,6.48,6.01
2022-10-23,6.0,6.85,6.68,6.01
2022-10-24,6.03,6.6,6.55,5.91
2022-10-25,5.97,6.69,6.43,5.79
2022-10-26,5.93,6.78,6.39,5.95
2022-10-27,6.19,6.9,6.75,5.98
2022-10-28,6.12,6.64,6.47,5.73
2022-10-29,6.12,6.98,6.48,5.93
2022-10-30,5.92,6.81,6.68,5.81
2022-10-31,6.04,6.71,6.56,5.99
2022-11-01,5.98,6.73,6.52,6.03
2022-11-02,6.04,6.78,6.4,5.92
2022-11-03,6.09,6.76,6.63,6.09
2022-11-04,6.1,6.76,6.49,5.75
2022-11-05,5.98,6.7,6.6,5.94
2022-11-06,5.97,6.48,6.44,5.99
2022-11-07,6.17,6.74,6.59,6.03
2022-11-08,5.92,6.81,6.46,6.02
2022-11-09,6.02,6.79,6.46,6.01
2022-11-10,6.21,6.6,6.51,5.97
2022-11-11,6.08,6.67,6.21,6.06
2022-11-12,6.08,6.49,6.48,6.08
2022-11-13,6.14,6.89,6.53,5.96
2022-11-14,5.99,6.92,6.44,5.89
2022-11-15,6.1,6.74,6.72,5.9
2022-11-16,5.99,6.61,6.55,5.83
2022-11-17,5.95,6.53,6.63,6.01
2022-11-18,5.83,6.95,6.85,5.95
2022-11-19,5.94,7.17,6.39,5.95
2022-11-20,6.02,6.95,6.59,5.91
2022-11-21,5.9,6.7,6.43,5.95
2022-11-22,5.94,6.53,6.7,5.91
2022-11-23,5.87,6.72,6.56,5.81
2022-11-24,6.03,6.59,6.76,5.99
2022-11-25,5.96,6.64,6.54,6.0
2022-11-26,6.0,6.72,6.56,5.9
2022-11-27,5.97,6.44,6.67,5.97
2022-11-28,5.92,7.03,6.56,5.87
2022-11-29,6.09,6.81,6.6,5.92
2022-11-30,6.05,6.71,6.62,5.8
2022-12-01,5.96,7.01,6.46,5.9
2022-12-02,5.96,6.57,6.29,5.93
2022-12-03,6.01,6.74,6.53,5.95
2022-12-04,6.1,6.72,6.48,5.93
2022-12-05,6.06,6.96,6.47,5.96
2022-12-06,6.03,6.6,6.55,5.83
2022-12-07,5.82,6.81,6.5,5.97
2022-12-08,6.0,6.6,6.54,5.85
2022-12-09,6.14,6.55,6.53,5.87
2022-12-10,6.06,6.7,6.49,6.02
2022-12-11,6.0,6.83,6.43,5.84
2022-12-12,6.01,6.7,6.63,5.94
2022-12-13,6.02,6.51,6.78,5.94
2022-12-14,6.07,6.62,6.59,5.85
2022-12-15,6.05,6.7,6.55,6.01
2022-12-16,5.88,6.65,6.6,6.12
2022-12-17,5.99,6.84,6.54,6.11
2022-12-18,5.83,6.76,6.35,5.75
2022-12-19,6.03,6.77,6.52,5.94
2022-12-20,6.31,6.71,6.61,5.9
2022-12-21,6.03,6.71,6.5,6.1
2022-12-22,6.12,6.77,6.27,5.92
2022-12-23,6.27,6.72,6.68,6.07
2022-12-24,6.02,6.62,6.26,6.0
2022-12-25,5.92,6.78,6.4,5.93
2022-12-26,6.0,6.79,6.42,6.05
2022-12-27,5.94,6.5,6.54,5.95
2022-12-28,6.02,6.95,6.52,5.94
2022-12-29,5.89,6.87,6.57,5.92
2022-12-30,5.81,6.97,6.4,5.9
2022-12-31,6.04,6.57,6.37,5.78
2023-01-01,6.07,6.67,6.9,5.87
2023-01-02,5.91,6.67,6.58,5.91
2023-01-03,6.06,6.6,6.38,5.81
2023-01-04,5.78,6.67,6.51,5.9
2023-01-05,6.12,6.93,6.51,5.81
2023-01-06,5.94,6.66,6.47,5.89
2023-01-07,5.93,6.69,6.47,5.97
2023-01-08,6.04,6.61,6.7,5.87
2023-01-09,5.84,6.81,6.45,5.98
2023-01-10,5.76,6.96,6.63,5.83
2023-01-11,5.85,7.0,6.46,5.88
2023-01-12,5.77,6.7,6.52,6.01
2023-01-13,5.86,6.52,6.6,6.03
2023-01-14,5.84,6.91,6.55,6.04
2023-01-15,5.99,6.37,6.53,6.03
2023-01-16,5.91,6.69,6.53,5.72
2023-01-17,6.17,6.61,6.61,5.94
2023-01-18,6.13,6.81,6.52,5.88
2023-01-19,6.08,6.47,6.63,5.86
2023-01-20,6.13,6.77,6.63,5.96
2023-01-21,5.82,6.62,6.63,5.96
2023-01-22,6.12,6.81,6.43,5.89
2023-01-23,6.01,6.4,6.75,5.99
2023-01-24,6.12,6.51,6.7,6.13
2023-01-25,5.87,6.87,6.55,5.83
2023-01-26,6.05,6.88,6.48,6.04
2023-01-27,5.83,6.53,6.57,5.95
2023-01-28,5.93,6.87,6.61,6.02
2023-01-29,5.99,6.84,6.5,6.11
2023-01-30,5.92,7.07,6.55,5.84
2023-01-31,6.14,6.77,6.65,6.05
2023-02-01,6.03,6.66,6.67,5.95
2023-02-02,6.07,6.43,6.6,5.9
2023-02-03,6.17,6.84,6.58,5.99
2023-02-04,5.9,6.99,6.79,5.98
2023-02-05,6.16,6.66,6.45,5.95
2023-02-06,6.04,6.69,6.61,5.97
2023-02-07,5.9,6.83,6.65,5.96
2023-02-08,6.12,6.57,6.61,5.86
2023-02-09,5.89,6.66,6.44,5.91
2023-02-10,5.98,6.88,6.51,5.82
2023-02-11,6.11,6.62,6.54,5.99
2023-02-12,6.02,6.91,6.61,5.88
2023-02-13,6.22,6.78,6.53,6.03
2023-02-14,6.02,6.81,6.85,5.93
2023-02-15,5.97,6.77,6.68,5.83
2023-02-16,5.8,6.66,6.35,5.92
2023-02-17,6.05,6.62,6.38,5.96
2023-02-18,6.09,6.5,6.65,6.02
2023-02-19,6.1,6.93,6.81,5.92
2023-02-20,6.01,6.69,6.55,6.07
2023-02-21,5.87,6.62,6.72,6.03
2023-02-22,5.96,6.88,6.59,6.07
2023-02-23,6.01,6.9,6.87,6.0
2023-02-24,6.0,6.86,6.51,6.14
2023-02-25,6.02,6.71,6.45,6.04
2023-02-26,6.09,6.68,6.62,5.83
2023-02-27,6.02,6.82,6.75,5.89
2023-02-28,5.87,6.62,6.39,6.06
2023-03-01,6.15,6.8,6.7,5.96
2023-03-02,5.99,6.7,6.51,5.83
2023-03-03,6.03,6.74,6.64,5.96
2023-03-04,5.98,6.62,6.56,6.01
2023-03-05,5.89,6.76,6.58,5.89
2023-03-06,5.94,6.78,6.41,5.98
2023-03-07,5.91,6.91,6.83,5.88
2023-03-08,6.05,6.64,6.67,5.85
2023-03-09,6.05,6.62,6.53,5.87
2023-03-10,6.08,6.62,6.62,5.92
2023-03-11,5.99,6.77,6.46,5.97
2023-03-12,6.15,6.63,6.69,6.07
2023-03-13,5.92,6.53,6.59,5.91
2023-03-14,6.19,6.76,6.45,5.86
2023-03-15,6.11,6.66,6.56,6.03
2023-03-16,5.95,6.74,6.55,6.0
2023-03-17,6.06,6.72,6.56,5.92
2023-03-18,5.85,6.79,6.78,5.88
2023-03-19,5.92,6.62,6.64,5.99
2023-03-20,5.98,6.61,6.56,5.82
2023-03-21,6.01,6.88,6.4,5.83
2023-03-22,6.16,6.66,6.69,5.94
2023-03-23,5.98,6.82,6.44,5.96
2023-03-24,5.96,6.55,6.59,5.93
2023-03-25,5.98,6.57,6.74,6.02
2023-03-26,6.1,6.7,6.34,6.11
2023-03-27,5.99,6.64,6.6,6.04
2023-03-28,6.0,6.94,6.68,5.86
2023-03-29,5.93,6.89,6.22,5.94
2023-03-30,5.86,6.68,6.51,5.92
2023-03-31,5.94,6.59,6.83,6.1
2023-04-01,5.88,6.99,6.5,5.96
2023-04-02,5.99,6.65,6.67,5.96
2023-04-03,5.95,6.55,6.44,5.82
2023-04-04,6.0,6.57,6.52,6.06
2023-04-05,6.12,6.75,6.54,6.1
2023-04-06,6.05,6.7,6.38,5.98
2023-04-07,6.08,6.66,6.58,5.92
2023-04-08,5.98,6.38,6.52,6.03
2023-04-09,5.94,6.76,6.46,5.98
2023-04-10,5.98,6.61,6.71,6.02
2023-04-11,5.94,6.82,6.61,6.0
2023-04-12,5.83,6.9,6.48,5.92
2023-04-13,6.26,6.8,6.5,5.77
2023-04-14,6.14,6.55,6.43,5.92
2023-04-15,6.14,6.87,6.53,5.97
2023-04-16,5.94,6.77,6.56,6.03
2023-04-17,6.1,6.82,6.51,6.01
2023-04-18,5.99,6.59,6.5,5.96
2023-04-19,6.09,6.72,6.4,5.95
2023-04-20,6.01,6.78,6.66,6.03
2023-04-21,5.94,6.66,6.43,6.01
2023-04-22,6.14,6.7,6.52,6.07
2023-04-23,6.05,6.82,6.41,6.0
2023-04-24,5.91,6.58,6.51,5.9
2023-04-25,5.98,6.53,6.67,6.04
2023-04-26,5.81,6.9,6.45,6.02
2023-04-27,5.99,6.75,6.53,6.05
2023-04-28,5.88,6.84,6.68,6.01
2023-04-29,6.23,6.67,6.66,5.94
2023-04-30,6.12,6.75,6.5,6.05
2023-05-01,5.95,6.54,6.49,6.0
2023-05-02,6.14,6.77,6.71,5.84
2023-05-03,5.96,6.71,6.54,5.96
2023-05-04,6.07,6.68,6.57,5.95
2023-05-05,5.91,6.73,6.53,5.94
2023-05-06,6.0,6.76,6.5,6.05
2023-05-07,5.88,6.64,6.88,5.87
2023-05-08,5.86,6.86,6.3,5.93
2023-05-09,6.21,6.52,6.31,5.83
2023-05-10,6.09,6.92,6.49,6.0
2023-05-11,6.14,7.02,6.52,5.77
2023-05-12,5.92,6.69,6.52,5.93
2023-05-13,6.11,6.94,6.53,6.04
2023-05-14,6.04,6.76,6.66,5.96
2023-05-15,6.21,6.53,6.49,5.94
2023-05-16,6.04,6.94,6.55,5.84
2023-05-17,6.08,6.86,6.32,5.95
2023-05-18,5.84,6.65,6.44,6.01
2023-05-19,6.01,6.56,6.66,5.84
2023-05-20,6.03,6.63,6.51,5.99
2023-05-21,6.05,6.95,6.54,5.97
2023-05-22,5.96,6.78,6.6,5.94
2023-05-23,5.82,6.8,6.59,5.9
2023-05-24,5.87,6.97,6.61,5.93
2023-05-25,5.89,6.63,6.71,5.96
2023-05-26,5.94,6.83,6.45,6.07
2023-05-27,6.14,6.68,6.47,5.74
2023-05-28,5.85,6.55,6.57,5.92
2023-05-29,5.87,6.71,6.61,5.99
2023-05-30,5.81,6.73,6.38,6.02
2023-05-31,6.08,6.62,6.46,5.91
2023-06-01,5.77,6.8,6.52,6.03
2023-06-02,5.89,6.66,6.37,5.87
2023-06-03,5.88,6.9,6.47,5.96
2023-06-04,5.96,6.56,6.53,6.0
2023-06-05,5.88,6.87,6.45,5.91
2023-06-06,6.05,6.65,6.55,5.92
2023-06-07,6.01,6.39,6.33,6.0
2023-06-08,6.1,6.61,6.52,5.97
2023-06-09,6.07,6.45,6.44,5.92
2023-06-10,6.07,7.12,6.52,5.84
2023-06-11,6.04,6.95,6.56,5.88
2023-06-12,6.1,6.85,6.43,5.98
2023-06-13,6.1,6.93,6.54,5.92
2023-06-14,6.12,6.57,6.6,5.84
2023-06-15,6.11,6.71,6.7,5.99
2023-06-16,5.88,6.96,6.74,6.02
2023-06-17,5.92,6.7,6.57,5.89
2023-06-18,6.17,6.77,6.23,5.98
2023-06-19,5.97,6.74,6.51,6.01
2023-06-20,6.11,6.79,6.51,5.95
2023-06-21,6.0,6.63,6.62,5.99
2023-06-22,6.15,6.94,6.47,6.02
2023-06-23,5.9,6.85,6.49,5.87
2023-06-24,6.03,6.35,6.34,5.94
2023-06-25,6.01,6.69,6.36,5.88
2023-06-26,6.04,6.84,6.55,6.04
2023-06-27,6.04,6.64,6.52,5.84
2023-06-28,5.99,6.92,6.63,6.06
2023-06-29,5.97,6.95,6.53,6.07
2023-06-30,6.0,6.86,6.73,5.93
2023-07-01,6.02,6.94,6.53,5.84
2023-07-02,6.21,6.68,6.57,6.04
2023-07-03,5.94,6.6,6.58,5.81
2023-07-04,5.97,6.79,6.52,5.83
2023-07-05,6.16,6.77,6.72,5.93
2023-07-06,5.91,6.79,6.52,5.86
2023-07-07,6.15,6.66,6.33,6.06
2023-07-08,5.95,6.66,6.34,6.09
2023-07-09,5.87,6.76,6.66,5.98
2023-07-10,5.99,6.49,6.45,5.97
2023-07-11,5.92,6.78,6.63,6.03
2023-07-12,5.88,7.08,6.64,5.95
2023-07-13,6.11,7.1,6.38,5.93
2023-07-14,5.76,6.78,6.59,5.95
2023-07-15,5.93,6.44,6.59,6.07
2023-07-16,5.94,6.82,6.36,5.99
2023-07-17,5.96,6.64,6.46,5.92
2023-07-18,6.04,6.55,6.5,5.95
2023-07-19,5.89,7.02,6.45,5.9
2023-07-20,5.9,7.02,6.62,5.88
2023-07-21,6.11,6.78,6.58,5.92
2023-07-22,5.93,6.8,6.48,6.1
2023-07-23,5.87,6.98,6.54,5.97
2023-07-24,6.08,6.66,6.65,5.73
2023-07-25,5.93,6.61,6.4,5.93
2023-07-26,6.04,6.86,6.58,5.9
2023-07-27,6.04,6.77,6.66,6.01
2023-07-28,6.0,6.62,6.47,5.91
2023-07-29,5.97,6.79,6.64,5.95
2023-07-30,6.0,6.77,6.49,5.88
2023-07-31,5.82,6.65,6.61,5.89
2023-08-01,5.98,6.82,6.61,5.86
2023-08-02,6.1,6.92,6.41,5.88
2023-08-03,6.12,6.73,6.28,5.84
2023-08-04,5.98,6.58,6.5,5.95
2023-08-05,6.15,6.71,6.68,6.06
2023-08-06,6.14,6.79,6.31,5.99
2023-08-07,6.1,6.74,6.76,6.02
2023-08-08,6.06,6.91,6.59,5.75
2023-08-09,5.95,6.93,6.45,5.93
2023-08-10,5.9,7.02,6.75,5.88
2023-08-11,6.01,6.65,6.62,5.99
2023-08-12,6.08,6.8,6.9,5.87
2023-08-13,5.83,6.69,6.36,5.83
2023-08-14,5.9,6.61,6.44,5.99
2023-08-15,5.95,6.72,6.66,5.89
2023-08-16,5.97,6.8,6.32,5.76
2023-08-17,6.03,6.82,6.8,5.96
2023-08-18,6.08,6.72,6.59,6.08
2023-08-19,5.79,6.81,6.81,5.97
2023-08-20,6.17,6.66,6.55,5.95
2023-08-21,5.78,6.57,6.42,6.02
2023-08-22,6.09,6.8,6.65,5.94
2023-08-23,6.12,6.75,6.56,5.93
2023-08-24,6.07,6.69,6.67,5.86
2023-08-25,5.89,6.85,6.54,5.91
2023-08-26,6.09,6.66,6.53,6.06
2023-08-27,6.15,6.99,6.52,6.05
2023-08-28,5.91,6.61,6.27,6.08
2023-08-29,5.91,6.73,6.44,6.01
2023-08-30,5.96,6.55,6.6,5.84
2023-08-31,5.92,6.43,6.38,5.96
2023-09-01,5.8,6.53,6.55,5.91
2023-09-02,6.2,7.03,6.45,5.99
2023-09-03,6.07,6.66,6.37,5.95
2023-09-04,5.98,6.68,6.6,5.89
2023-09-05,5.88,6.77,6.6,5.86
2023-09-06,6.09,6.48,6.48,5.93
2023-09-07,5.94,6.67,6.77,5.88
2023-09-08,6.24,6.82,6.56,5.99
2023-09-09,6.25,6.6,6.42,5.89
2023-09-10,6.0,6.49,6.55,6.09
2023-09-11,6.02,6.71,6.48,6.02
2023-09-12,5.92,7.03,6.78,5.97
2023-09-13,6.0,6.9,6.68,5.89
2023-09-14,5.95,6.55,6.6,6.0
2023-09-15,5.87,6.68,6.39,5.88
2023-09-16,6.06,6.64,6.51,5.82
2023-09-17,6.02,6.74,6.46,5.93
2023-09-18,6.02,6.63,6.37,6.09
2023-09-19,5.94,6.74,6.67,6.23
2023-09-20,5.88,6.82,6.47,5.91
2023-09-21,5.93,6.58,6.55,5.83
2023-09-22,6.09,6.76,6.6,5.91
2023-09-23,5.96,6.79,6.41,5.92
2023-09-24,5.91,6.62,6.3,6.06
2023-09-25,5.93,6.92,6.68,5.85
2023-09-26,5.89,7.13,6.76,5.95
2023-09-27,6.03,6.66,6.6,5.89
2023-09-28,5.8,6.55,6.55,5.86
2023-09-29,5.99,6.59,6.46,6.02
2023-09-30,6.02,6.75,6.66,5.99
2023-10-01,6.14,6.68,6.5,5.85
2023-10-02,5.96,6.89,6.71,6.03
2023-10-03,5.82,6.91,6.33,6.02
2023-10-04,5.96,6.86,6.39,6.04
2023-10-05,5.85,6.65,6.43,5.81
2023-10-06,6.01,7.02,6.87,5.96
2023-10-07,6.11,6.78,6.61,5.92
2023-10-08,6.02,6.83,6.48,5.94
2023-10-09,5.99,6.87,6.42,5.95
2023-10-10,6.19,6.92,6.71,5.95
2023-10-11,6.03,6.9,6.74,5.79
2023-10-12,5.87,6.95,6.52,5.9
2023-10-13,5.87,6.67,6.38,6.12
2023-10-14,6.0,6.74,6.62,6.03
2023-10-15,6.09,6.91,6.47,5.93
2023-10-16,6.08,6.67,6.55,5.98
2023-10-17,6.08,6.48,6.64,5.93
2023-10-18,6.07,6.87,6.74,6.06
2023-10-19,6.13,6.97,6.58,5.95
2023-10-20,6.09,6.86,6.51,5.98
2023-10-21,6.0,6.62,6.7,5.95
2023-10-22,6.2,6.51,6.48,5.95
2023-10-23,6.11,6.81,6.59,5.86
2023-10-24,5.88,6.8,6.39,5.91
2023-10-25,6.05,6.6,6.74,6.05
2023-10-26,5.84,6.61,6.28,5.89
2023-10-27,6.08,6.69,6.61,5.83
2023-10-28,6.08,6.67,6.55,5.94
2023-10-29,5.87,6.58,6.67,5.98
2023-10-30,6.11,6.8,6.57,5.81
2023-10-31,5.97,6.75,6.78,6.0
2023-11-01,6.15,6.84,6.46,5.96
2023-11-02,6.02,6.61,6.5,5.93
2023-11-03,6.16,6.44,6.69,5.88
2023-11-04,5.86,6.93,6.64,6.05
2023-11-05,6.08,7.06,6.62,5.94
2023-11-06,6.03,6.94,6.46,5.9
2023-11-07,5.97,6.43,6.57,5.8
2023-11-08,6.01,6.88,6.49,6.08
2023-11-09,5.85,6.93,6.63,5.81
2023-11-10,6.27,6.74,6.44,5.84
2023-11-11,5.98,6.73,6.56,5.93
2023-11-12,6.06,6.69,6.32,5.94
2023-11-13,5.76,6.8,6.43,5.96
2023-11-14,6.13,6.61,6.68,5.92
2023-11-15,6.18,6.7,6.45,6.0
2023-11-16,5.96,6.62,6.49,5.95
2023-11-17,6.13,6.46,6.55,6.0
2023-11-18,6.02,6.95,6.54,5.94
2023-11-19,6.06,6.76,6.5,5.99
2023-11-20,5.93,6.66,6.49,6.06
2023-11-21,5.68,6.81,6.55,5.82
2023-11-22,6.03,6.82,6.62,5.74
2023-11-23,6.14,6.64,6.63,6.01
2023-11-24,5.91,6.85,6.5,5.78
2023-11-25,6.12,6.63,6.45,5.92
2023-11-26,6.03,6.74,6.62,5.84
2023-11-27,5.93,6.73,6.78,5.94
2023-11-28,6.11,6.76,6.49,5.93
2023-11-29,5.98,6.84,6.71,5.98
2023-11-30,6.12,6.61,6.5,5.89
2023-12-01,6.03,6.7,6.64,5.88
2023-12-02,6.0,6.85,6.3,6.12
2023-12-03,5.97,6.45,6.57,5.95
2023-12-04,5.99,6.9,6.64,5.97
2023-12-05,6.05,6.73,6.76,5.83
2023-12-06,6.01,6.76,6.65,5.88
2023-12-07,5.83,6.77,6.58,6.07
2023-12-08,5.87,6.92,6.83,5.92
2023-12-09,5.87,6.69,6.55,6.0
2023-12-10,5.94,6.98,6.42,5.81
2023-12-11,6.11,6.41,6.53,6.2
2023-12-12,6.0,6.58,6.54,5.95
2023-12-13,6.02,6.85,6.43,6.09
2023-12-14,6.02,6.86,6.47,6.05
2023-12-15,5.97,6.79,6.44,5.87
2023-12-16,6.07,6.68,6.45,5.9
2023-12-17,6.07,6.66,6.54,5.95
2023-12-18,5.81,6.53,6.59,5.89
2023-12-19,6.11,6.9,6.64,6.1
2023-12-20,5.99,6.85,6.48,6.15
2023-12-21,6.2,6.75,6.6,6.06
2023-12-22,5.99,6.65,6.65,5.96
2023-12-23,6.02,6.62,6.34,5.97
2023-12-24,6.09,6.72,6.72,5.89
2023-12-25,5.89,6.74,6.54,6.01
2023-12-26,5.92,6.96,6.79,5.95
2023-12-27,6.12,6.59,6.68,6.03
2023-12-28,6.09,6.75,6.2,5.9
2023-12-29,5.94,6.6,6.56,5.92
2023-12-30,5.92,6.59,6.46,6.04
2023-12-31,5.93,6.67,6.5,5.98
2024-01-01,6.05,6.29,6.67,6.06
2024-01-02,5.89,6.6,6.5,5.89
2024-01-03,6.02,6.46,6.42,6.07
2024-01-04,5.91,6.94,6.59,5.81
2024-01-05,6.06,6.73,6.5,5.97
2024-01-06,6.05,6.86,6.69,5.98
2024-01-07,5.86,6.68,6.9,6.01
2024-01-08,6.24,6.96,6.58,5.97
2024-01-09,6.0,6.49,6.55,6.05
2024-01-10,5.94,6.81,6.65,5.88
2024-01-11,5.95,6.6,6.45,5.85
2024-01-12,5.91,6.96,6.44,5.96
2024-01-13,5.95,6.93,6.71,6.02
2024-01-14,6.03,6.72,6.41,6.11
2024-01-15,5.92,6.85,6.68,5.91
2024-01-16,6.1,6.86,6.76,5.91
2024-01-17,5.87,6.67,6.58,5.95
2024-01-18,5.96,6.46,6.61,6.11
2024-01-19,6.05,6.84,6.62,5.98
2024-01-20,6.09,6.81,6.51,5.89
2024-01-21,5.98,6.8,6.51,5.98
2024-01-22,6.04,6.87,6.7,5.96
2024-01-23,5.87,6.7,6.56,5.8
2024-01-24,6.14,6.77,6.6,6.06
2024-01-25,5.94,6.84,6.54,5.94
2024-01-26,5.92,7.0,6.5,6.01
2024-01-27,5.81,6.93,6.68,5.96
2024-01-28,5.98,6.81,6.82,5.81
2024-01-29,6.08,6.61,6.55,5.93
2024-01-30,5.96,6.75,6.41,6.03
2024-01-31,5.82,6.83,6.51,5.86
2024-02-01,6.02,6.52,6.55,5.84
2024-02-02,6.05,6.61,6.5,5.97
2024-02-03,5.92,6.74,6.37,6.0
2024-02-04,6.18,7.17,6.56,6.01
2024-02-05,5.82,6.98,6.64,5.91
2024-02-06,6.12,6.71,6.5,5.99
2024-02-07,5.89,6.9,6.42,5.87
2024-02-08,5.91,6.86,6.48,5.84
2024-02-09,5.94,6.75,6.41,5.86
2024-02-10,6.21,6.62,6.51,5.92
2024-02-11,5.96,6.84,6.66,5.93
2024-02-12,5.88,6.94,6.54,6.09
2024-02-13,5.78,6.78,6.78,5.92
2024-02-14,5.98,6.79,6.48,5.93
2024-02-15,5.97,6.66,6.7,5.99
2024-02-16,6.03,6.87,6.52,5.89
2024-02-17,5.94,6.75,6.42,5.91
2024-02-18,5.95,7.07,6.22,5.94
2024-02-19,6.17,6.77,6.64,5.96
2024-02-20,5.93,6.41,6.57,5.89
2024-02-21,5.92,6.68,6.76,6.14
2024-02-22,6.02,6.68,6.41,5.99
2024-02-23,6.18,6.71,6.26,6.0
2024-02-24,6.1,6.51,6.57,5.99
2024-02-25,5.99,6.63,6.67,5.92
2024-02-26,5.85,6.44,6.7,6.0
2024-02-27,6.01,6.68,6.49,5.86
2024-02-28,5.96,6.43,6.46,5.93
2024-02-29,6.06,6.74,6.65,6.06
2024-03-01,6.11,6.82,6.55,5.87
2024-03-02,6.07,7.0,6.59,6.1
2024-03-03,5.85,6.58,6.65,5.97
2024-03-04,6.13,6.75,6.45,5.93
2024-03-05,5.85,6.58,6.67,6.02
2024-03-06,6.04,6.49,6.51,5.85
2024-03-07,6.12,6.66,6.42,5.95
2024-03-08,5.94,6.97,6.46,5.84
2024-03-09,5.78,6.75,6.48,5.84
2024-03-10,6.12,6.85,6.55,6.06
2024-03-11,6.07,6.63,6.43,6.02
2024-03-12,6.04,6.78,6.45,6.0
2024-03-13,5.92,6.73,6.72,5.9
2024-03-14,5.84,6.59,6.67,5.97
2024-03-15,5.99,6.67,6.61,5.88
2024-03-16,6.03,6.64,6.44,5.9
2024-03-17,5.96,6.74,6.58,5.65
2024-03-18,5.92,6.69,6.73,5.86
2024-03-19,6.02,6.97,6.39,5.98
2024-03-20,5.92,6.67,6.45,5.89
2024-03-21,6.27,6.88,6.68,5.99
2024-03-22,5.84,6.81,6.68,5.88
2024-03-23,6.1,6.86,6.77,5.92
2024-03-24,5.89,6.7,6.72,5.8
2024-03-25,5.79,6.76,6.5,5.95
2024-03-26,6.09,6.67,6.33,6.11
2024-03-27,5.9,6.59,6.68,5.92
2024-03-28,5.99,6.82,6.68,5.92
2024-03-29,6.15,6.43,6.64,5.88
2024-03-30,6.14,6.77,6.47,6.0
2024-03-31,6.09,6.85,6.43,5.91
2024-04-01,6.0,6.74,6.64,5.79
2024-04-02,6.03,6.71,6.45,5.89
2024-04-03,5.98,6.21,6.47,5.88
2024-04-04,6.05,6.63,6.52,6.07
2024-04-05,6.1,6.89,6.49,5.99
2024-04-06,5.98,6.72,6.6,5.9
2024-04-07,6.15,6.73,6.62,6.07
2024-04-08,6.1,6.54,6.6,6.02
2024-04-09,6.09,6.58,6.47,6.03
2024-04-10,5.92,6.71,6.74,5.95
2024-04-11,5.93,6.62,6.59,5.84
2024-04-12,5.98,6.8,6.71,6.0
2024-04-13,5.93,6.93,6.51,5.85
2024-04-14,5.98,6.97,6.57,5.95
2024-04-15,6.16,6.54,6.4,5.82
2024-04-16,6.04,6.77,6.74,5.97
2024-04-17,5.96,6.75,6.56,5.82
2024-04-18,6.27,6.83,6.58,6.0
2024-04-19,6.07,6.73,6.47,6.0
2024-04-20,6.04,6.63,6.72,5.97
2024-04-21,6.07,6.96,6.55,5.98
2024-04-22,6.08,6.64,6.56,5.96
2024-04-23,5.9,7.1,6.38,5.85
2024-04-24,6.13,6.86,6.43,6.0
2024-04-25,6.15,6.75,6.86,5.81
2024-04-26,6.07,6.92,6.66,5.93
2024-04-27,5.97,6.82,6.65,6.0
2024-04-28,6.1,6.6,6.52,5.87
2024-04-29,5.96,6.9,6.56,6.16
2024-04-30,6.02,6.76,6.56,5.9
2024-05-01,5.99,6.92,6.56,5.89
2024-05-02,5.91,6.68,6.56,6.05
2024-05-03,5.87,6.7,6.57,5.8
2024-05-04,5.92,6.65,6.45,5.97
2024-05-05,5.98,6.67,6.6,6.09
2024-05-06,6.16,6.46,6.62,5.94
2024-05-07,6.02,6.69,6.56,5.96
2024-05-08,5.94,6.62,6.5,5.97
2024-05-09,6.06,6.88,6.49,5.97
2024-05-10,6.1,6.92,6.54,5.93
2024-05-11,6.02,6.58,6.53,6.01
2024-05-12,6.06,6.71,6.58,5.88
2024-05-13,6.07,6.74,6.52,5.92
2024-05-14,5.99,6.68,6.63,5.92
2024-05-15,6.16,6.97,6.44,5.96
2024-05-16,5.93,6.7,6.79,5.93
2024-05-17,6.04,6.83,6.43,5.88
2024-05-18,5.88,6.62,6.21,5.99
2024-05-19,6.21,6.77,6.38,5.9
2024-05-20,5.95,6.6,6.65,6.01
2024-05-21,5.88,6.86,6.73,6.1
2024-05-22,6.29,6.61,6.89,5.92
2024-05-23,5.94,6.8,6.48,5.98
2024-05-24,5.87,6.71,6.7,5.95
2024-05-25,6.01,6.82,6.69,5.82
2024-05-26,6.06,6.71,6.57,6.03
2024-05-27,5.88,6.6,6.32,5.91
2024-05-28,6.13,6.73,6.39,5.91
2024-05-29,5.85,6.58,6.6,5.86
2024-05-30,6.11,6.74,6.56,5.93
2024-05-31,6.08,6.87,6.59,6.0
2024-06-01,5.98,6.83,6.51,5.95
2024-06-02,5.97,6.68,6.47,5.99
2024-06-03,6.13,6.93,6.4,6.05
2024-06-04,5.97,6.84,6.44,5.96
2024-06-05,6.03,6.53,6.62,6.06
2024-06-06,5.98,6.95,6.53,6.02
2024-06-07,5.78,7.11,6.73,5.93
2024-06-08,5.8,6.79,6.38,5.99
2024-06-09,6.04,6.61,6.68,6.01
2024-06-10,6.1,6.75,6.38,6.03
2024-06-11,5.97,6.54,6.71,6.12
2024-06-12,6.0,7.07,6.56,5.92
2024-06-13,5.94,7.0,6.46,6.01
2024-06-14,5.94,6.68,6.67,5.92
2024-06-15,5.96,6.92,6.74,6.0
2024-06-16,5.93,6.67,6.56,5.98
2024-06-17,5.9,6.86,6.56,5.81
2024-06-18,5.91,6.67,6.54,6.1
2024-06-19,6.02,6.62,6.58,5.92
2024-06-20,6.03,6.84,6.7,5.95
2024-06-21,6.16,6.89,6.47,6.13
2024-06-22,6.03,6.62,6.75,6.12
2024-06-23,6.0,6.67,6.53,6.01
2024-06-24,6.13,6.84,6.56,6.07
2024-06-25,5.97,6.9,6.52,5.98
2024-06-26,5.99,6.74,6.5,6.06
2024-06-27,5.93,6.64,6.8,6.03
2024-06-28,5.76,6.67,6.33,5.87
2024-06-29,5.69,6.73,6.41,5.95
2024-06-30,5.84,6.76,6.5,6.07
2024-07-01,6.14,6.87,6.51,6.11
2024-07-02,5.84,6.54,6.54,6.13
2024-07-03,5.98,6.72,6.38,6.03
2024-07-04,6.1,6.87,6.47,5.89
2024-07-05,5.87,6.76,6.42,5.86
2024-07-06,5.96,6.68,6.49,5.99
2024-07-07,6.01,6.71,6.57,5.87
2024-07-08,6.01,6.77,6.37,6.03
2024-07-09,5.91,6.76,6.69,6.02
2024-07-10,6.0,6.7,6.66,6.0
2024-07-11,5.94,6.63,6.3,5.96
2024-07-12,5.99,6.92,6.59,6.06
2024-07-13,5.93,6.92,6.49,6.01
2024-07-14,5.85,6.79,6.31,5.93
2024-07-15,6.04,6.67,6.42,6.02
2024-07-16,5.99,6.68,6.56,6.16
2024-07-17,6.12,6.92,6.6,5.96
2024-07-18,5.76,6.65,6.49,5.8
2024-07-19,5.88,6.45,6.55,6.02
2024-07-20,6.11,6.81,6.43,5.8
2024-07-21,5.82,6.56,6.44,5.94
2024-07-22,5.9,6.8,6.52,5.95
2024-07-23,6.11,6.57,6.6,5.95
2024-07-24,5.97,6.88,6.66,5.87
2024-07-25,5.98,6.79,6.52,6.0
2024-07-26,6.03,7.02,6.37,5.94
2024-07-27,5.91,6.84,6.36,5.98
2024-07-28,5.94,6.64,6.38,5.91
2024-07-29,6.11,6.75,6.63,6.08
2024-07-30,6.03,6.67,6.61,5.91
2024-07-31,5.95,6.52,6.66,5.92
2024-08-01,6.02,6.59,6.6,5.89
2024-08-02,5.99,6.88,6.64,5.95
2024-08-03,5.82,7.2,6.76,6.01
2024-08-04,5.92,6.73,6.48,6.05
2024-08-05,6.03,6.63,6.49,6.04
2024-08-06,6.16,6.98,6.64,5.93
2024-08-07,5.68,6.79,6.55,5.96
2024-08-08,6.01,6.55,6.62,6.0
2024-08-09,6.07,6.89,6.62,5.92
2024-08-10,5.99,6.76,6.56,6.03
2024-08-11,6.06,7.06,6.81,5.96
2024-08-12,5.62,6.94,6.49,5.89
2024-08-13,5.96,6.68,6.62,5.83
2024-08-14,5.89,6.8,6.62,6.0
2024-08-15,5.92,6.6,6.49,5.97
2024-08-16,6.15,6.44,6.52,5.84
2024-08-17,5.83,6.9,6.62,5.99
2024-08-18,6.09,6.68,6.5,6.12
2024-08-19,5.98,6.86,6.55,5.8
2024-08-20,5.8,6.66,6.68,6.01
2024-08-21,6.09,6.6,6.74,5.87
2024-08-22,6.02,6.75,6.53,6.06
2024-08-23,5.93,6.55,6.55,5.92
2024-08-24,6.34,6.85,6.5,5.87
2024-08-25,5.81,6.6,6.56,6.06
2024-08-26,6.11,6.78,6.51,5.97
2024-08-27,5.95,7.01,6.53,5.94
2024-08-28,5.78,6.72,6.65,5.86
2024-08-29,5.92,6.87,6.37,6.03
2024-08-30,5.95,6.69,6.42,5.98
2024-08-31,6.25,6.87,6.45,6.04
2024-09-01,5.97,6.96,6.65,5.71
2024-09-02,5.9,6.89,6.57,5.87
2024-09-03,5.94,6.46,6.54,6.13
2024-09-04,6.08,7.08,6.66,6.03
2024-09-05,6.2,6.81,6.53,6.03
2024-09-06,6.15,6.68,6.46,5.96
2024-09-07,6.08,6.87,6.38,6.1
2024-09-08,5.94,6.71,6.44,6.17
2024-09-09,6.02,6.62,6.65,6.01
2024-09-10,5.98,6.88,6.45,5.91
2024-09-11,5.8,6.55,6.77,6.08
2024-09-12,6.01,7.0,6.53,5.93
2024-09-13,6.01,6.73,6.52,6.04
2024-09-14,6.02,6.86,6.67,5.98
2024-09-15,5.9,6.55,6.57,5.94
2024-09-16,6.01,6.75,6.86,5.84
2024-09-17,5.8,6.8,6.5,5.98
2024-09-18,6.06,6.94,6.37,5.91
2024-09-19,6.04,6.87,6.81,6.03
2024-09-20,5.99,6.62,6.48,5.9
2024-09-21,6.07,6.79,6.39,5.92
2024-09-22,6.09,6.8,6.62,5.98
2024-09-23,6.16,6.79,6.5,5.88
2024-09-24,6.02,6.38,6.53,5.93
2024-09-25,5.86,6.61,6.65,5.97
2024-09-26,6.01,6.8,6.56,6.05
2024-09-27,6.01,6.53,6.75,5.98
2024-09-28,5.94,6.56,6.6,5.94
2024-09-29,6.16,6.7,6.45,6.02
2024-09-30,6.09,6.78,6.63,5.95
2024-10-01,6.02,6.92,6.63,5.94
2024-10-02,6.14,6.4,6.8,5.81
2024-10-03,5.94,6.74,6.53,6.03
2024-10-04,5.89,6.79,6.48,5.97
2024-10-05,5.99,6.76,6.48,5.91
2024-10-06,6.03,6.89,6.48,5.88
2024-10-07,6.06,6.75,6.65,5.88
2024-10-08,5.82,6.67,6.46,5.94
2024-10-09,5.94,6.86,6.52,5.96
2024-10-10,6.02,6.78,6.55,5.99
2024-10-11,5.92,6.96,6.52,5.85
2024-10-12,6.02,6.62,6.63,6.13
2024-10-13,5.92,6.8,6.34,5.99
2024-10-14,5.91,6.66,6.42,6.01
2024-10-15,6.1,6.75,6.45,6.08
2024-10-16,5.92,6.43,6.61,5.86
2024-10-17,6.1,6.69,6.62,6.06
2024-10-18,5.88,6.67,6.54,6.07
2024-10-19,5.93,6.66,6.61,5.9
2024-10-20,6.02,6.52,6.82,5.84
2024-10-21,5.97,6.75,6.78,5.84
2024-10-22,6.2,6.86,6.6,5.87
2024-10-23,6.06,6.64,6.7,5.87
2024-10-24,5.99,6.67,6.43,6.01
2024-10-25,6.05,6.93,6.34,6.04
2024-10-26,6.25,6.68,6.78,5.93
2024-10-27,5.86,6.7,6.68,5.88
2024-10-28,5.94,6.84,6.55,6.0
2024-10-29,6.02,6.82,6.5,5.97
2024-10-30,5.91,6.94,6.47,6.04
2024-10-31,5.98,6.78,6.49,5.87
2024-11-01,5.83,6.59,6.51,5.97
2024-11-02,6.1,6.68,6.44,5.83
2024-11-03,6.05,6.96,6.7,6.01
2024-11-04,6.06,7.0,6.59,6.0
2024-11-05,5.97,6.55,6.47,5.95
2024-11-06,6.01,7.04,6.56,6.04
2024-11-07,5.96,6.7,6.39,5.89
2024-11-08,6.05,6.75,6.66,5.96
2024-11-09,5.96,7.07,6.54,6.04
2024-11-10,5.96,6.86,6.66,5.97
2024-11-11,5.76,6.75,6.7,5.99
2024-11-12,6.04,6.49,6.46,5.98
2024-11-13,6.04,6.93,6.53,5.98
2024-11-14,6.0,6.6,6.28,5.98
2024-11-15,6.02,6.66,6.36,6.0
2024-11-16,5.97,6.83,6.77,5.78
2024-11-17,5.93,6.72,6.72,5.82
2024-11-18,6.19,6.77,6.54,5.93
2024-11-19,5.96,6.91,6.42,5.98
2024-11-20,5.96,6.64,6.86,5.98
2024-11-21,6.06,6.92,6.38,6.09
2024-11-22,5.75,6.63,6.49,6.0
2024-11-23,6.02,6.72,6.55,5.87
2024-11-24,5.85,6.86,6.63,6.08
2024-11-25,5.92,6.85,6.52,6.05
2024-11-26,6.1,6.78,6.51,6.03
2024-11-27,6.06,6.65,6.39,5.93
2024-11-28,6.15,6.92,6.42,5.86
2024-11-29,6.13,6.58,6.61,5.9
2024-11-30,6.16,6.63,6.69,5.96
2024-12-01,6.03,6.45,6.29,5.93
2024-12-02,6.02,6.58,6.42,5.99
2024-12-03,6.06,6.73,6.64,5.86
2024-12-04,5.96,7.0,6.56,5.96
2024-12-05,6.23,6.54,6.65,6.08
2024-12-06,5.97,6.88,6.43,5.9
2024-12-07,6.04,6.87,6.68,6.08
2024-12-08,5.99,6.93,6.51,6.02
2024-12-09,6.02,6.82,6.6,5.82
2024-12-10,5.89,6.77,6.35,6.02
2024-12-11,6.09,6.8,6.42,6.06
2024-12-12,6.2,6.77,6.61,5.97
2024-12-13,6.05,6.73,6.55,6.02
2024-12-14,6.23,6.54,6.54,5.86
2024-12-15,6.16,6.66,6.38,6.0
2024-12-16,6.17,6.85,6.57,5.98
2024-12-17,6.14,6.62,6.54,5.91
2024-12-18,5.88,6.7,6.68,6.0
2024-12-19,6.06,6.77,6.61,5.89
2024-12-20,5.97,6.78,6.58,5.98
2024-12-21,5.99,6.69,6.93,6.02
2024-12-22,6.04,6.72,6.5,5.94
2024-12-23,6.03,6.47,6.36,5.9
2024-12-24,6.02,6.71,6.73,5.83
2024-12-25,5.92,6.98,6.57,6.02
2024-12-26,6.21,6.65,6.54,5.93
2024-12-27,5.8,6.7,6.66,5.99
2024-12-28,6.06,6.69,6.47,6.05
2024-12-29,5.95,6.79,6.57,6.07
2024-12-30,6.1,6.56,6.41,6.0
2024-12-31,5.99,6.68,6.67,5.96
